n_subs,rank,genotype,mu_real,sigma_real
7,1,0-0-3-0-1-0-0-2-2-1-0-1-0-3-0-0,-489.02875,175.8268
7,2,0-0-3-0-1-0-1-2-2-0-0-1-0-3-0-0,-489.02875,175.8268
7,3,0-0-3-0-1-0-0-2-2-1-0-1-0-3-0-0,-489.02875,175.8268
7,4,0-0-3-0-1-0-0-2-2-1-0-1-0-2-0-0,-474.54175,162.89452
7,5,0-0-2-0-1-0-1-2-2-0-0-1-0-3-0-0,-474.54175,162.89452
7,6,0-0-3-0-0-0-1-2-2-1-0-1-0-3-0-0,-465.28198,153.96968
7,7,0-0-3-0-1-0-0-2-2-0-0-1-0-3-3-0,-503.18738,192.09825
7,8,0-0-3-0-1-0-1-2-2-1-0-1-0-0-0-0,-428.2688,117.215836
7,9,0-0-0-0-1-0-1-2-2-1-0-1-0-3-0-0,-428.2688,117.215836
7,10,0-0-3-0-1-0-1-2-2-0-0-1-0-4-0-0,-472.7439,162.55301
7,11,0-0-2-0-1-0-0-2-2-1-0-1-0-2-0-0,-456.72696,146.71967
7,12,0-0-2-0-0-0-1-2-2-1-0-1-0-3-0-0,-448.98004,139.20058
7,13,0-0-3-0-1-0-1-2-2-1-0-0-0-2-0-0,-448.98004,139.20058
7,14,0-0-3-0-1-0-1-2-0-1-0-1-0-3-0-0,-482.3469,172.667
7,15,0-0-3-0-1-0-1-0-2-1-0-1-0-3-0-0,-482.3469,172.667
7,16,0-0-0-0-1-0-1-2-2-1-0-1-0-2-0-0,-412.40045,102.93614
7,17,0-0-2-0-1-0-0-2-2-0-0-1-0-3-3-0,-486.80267,177.4498
7,18,0-3-3-0-1-0-0-2-2-0-0-1-0-2-0-0,-486.80267,177.4498
7,19,0-3-3-0-0-0-0-2-2-1-0-1-0-3-0-0,-473.8382,164.69281
7,20,0-0-3-0-1-0-1-2-2-0-0-0-0-3-3-0,-473.8382,164.69281
7,21,0-3-3-0-1-0-1-2-2-0-0-0-0-3-0-0,-473.6343,164.49419
7,22,0-0-3-0-1-0-1-2-2-0-0-1-0-0-3-0,-433.15796,124.381355
7,23,0-3-3-0-1-0-1-2-2-0-0-1-0-0-0-0,-432.66626,124.035576
7,24,0-0-2-0-1-0-1-2-2-0-0-1-0-4-0-0,-457.89603,149.32822
7,25,0-0-0-0-1-0-1-2-2-1-0-1-0-4-0-0,-413.38654,105.29296
7,26,0-0-3-0-1-0-1-0-2-1-0-1-0-2-0-0,-466.351,158.34053
7,27,0-0-3-0-1-0-1-2-0-1-0-1-0-2-0-0,-466.63336,158.6979
7,28,0-0-2-0-1-0-1-0-2-1-0-1-0-3-0-0,-466.63336,158.6979
7,29,0-3-4-0-1-0-0-2-2-0-0-1-0-3-0-0,-487.9715,180.07822
7,30,0-0-3-0-1-0-1-0-2-0-0-1-0-3-3-0,-491.29987,183.67581
7,31,0-3-3-0-1-0-1-0-2-0-0-1-0-3-0-0,-491.08475,183.48074
7,32,0-3-2-0-0-0-0-2-2-1-0-1-0-3-0-0,-455.70813,148.18477
7,33,0-0-3-0-1-0-0-0-2-1-0-1-0-3-3-0,-491.96698,184.4541
7,34,0-0-2-0-0-0-0-2-2-1-0-1-0-3-3-0,-455.37604,147.90149
7,35,0-0-3-0-0-0-1-2-2-1-0-0-0-3-3-0,-450.05524,142.83534
7,36,0-0-0-0-1-0-1-2-2-1-0-1-0-0-3-0,-375.16577,68.10993
7,37,0-3-0-0-1-0-0-2-2-1-0-1-0-2-0-0,-417.378,110.33811
7,38,0-3-0-0-1-0-1-2-2-0-0-1-0-2-0-0,-421.29413,114.345
7,39,0-3-0-0-0-0-1-2-2-1-0-1-0-3-0-0,-411.4192,104.4998
7,40,0-3-3-0-1-0-1-2-2-1-0-0-0-0-0-0,-411.3473,104.516
7,41,0-0-0-0-0-0-1-2-2-1-0-1-0-3-3-0,-411.3473,104.516
7,42,0-0-2-0-1-0-1-2-2-1-0-0-0-4-0-0,-433.94833,127.18167
7,43,0-0-3-0-1-0-0-2-2-0-0-1-1-3-0-0,-493.43625,186.68379
7,44,0-3-0-0-1-0-1-2-2-1-0-0-0-3-0-0,-412.341,105.60126
7,45,0-0-4-0-1-0-1-2-2-1-0-0-0-2-0-0,-433.85614,127.18228
7,46,0-0-2-0-0-0-1-2-2-1-0-1-0-4-0-0,-433.85614,127.18228
7,47,2-0-3-0-1-0-0-2-2-0-0-1-0-3-0-0,-494.05664,187.43047
7,48,0-3-3-0-1-0-0-2-2-0-0-1-0-0-3-0,-449.2398,142.97318
7,49,0-3-4-0-0-0-1-2-2-0-0-1-0-3-0-0,-460.52362,154.54762
7,50,0-0-3-0-1-0-0-2-1-1-0-1-0-3-0-0,-481.89548,176.05202
7,51,0-3-2-0-1-0-0-2-0-1-0-1-0-3-0-0,-473.818,167.98575
7,52,0-0-2-0-0-0-1-2-2-0-0-1-0-2-3-0,-441.734,135.96266
7,53,0-3-2-0-1-0-1-2-0-0-0-1-0-3-0-0,-477.10736,171.36902
7,54,0-3-2-0-0-0-1-2-2-0-0-1-0-2-0-0,-441.23636,135.52977
7,55,0-3-2-0-1-0-1-0-2-0-0-1-0-3-0-0,-476.49054,170.79323
7,56,0-3-3-0-0-0-1-2-2-1-0-0-0-2-0-0,-433.20435,127.70211
7,57,0-0-2-0-0-0-1-2-2-1-0-0-0-3-3-0,-433.20435,127.70211
7,58,0-0-3-0-1-0-1-2-0-1-0-0-0-3-3-0,-467.74368,162.24615
7,59,0-0-0-0-0-0-1-2-2-1-0-1-0-2-3-0,-394.87756,89.64064
7,60,0-3-2-0-1-0-1-2-2-1-0-0-0-0-0-0,-394.87756,89.64064
7,61,0-0-2-0-1-0-1-2-2-1-0-0-0-0-3-0,-394.9936,89.76528
7,62,0-3-0-0-1-0-1-2-2-1-0-0-0-2-0-0,-395.53577,90.43624
7,63,0-0-3-0-1-0-1-0-2-1-0-1-0-0-3-0,-429.28412,124.306
7,64,0-3-0-0-1-0-1-0-2-1-0-1-0-3-0-0,-430.29477,125.37887
7,65,0-0-3-1-0-0-1-2-2-0-0-1-0-3-0-0,-464.76514,159.99376
7,66,0-0-3-0-0-0-0-2-2-1-0-1-1-3-0-0,-463.39935,158.66336
7,67,2-0-3-0-0-0-1-2-2-0-0-1-0-3-0-0,-465.41144,160.77606
7,68,2-0-3-0-0-0-0-2-2-1-0-1-0-3-0-0,-465.07153,160.46707
7,69,0-3-0-0-1-0-0-2-2-0-0-1-0-2-3-0,-432.01126,127.596634
7,70,0-3-3-0-1-0-0-0-2-1-0-1-0-4-0-0,-478.2359,174.0359
7,71,0-3-4-0-1-0-1-0-2-0-0-1-0-3-0-0,-477.2442,173.09154
7,72,0-3-4-0-0-0-1-2-2-1-0-0-0-3-0-0,-434.32568,130.27936
7,73,0-3-3-0-1-0-1-0-0-1-0-1-0-3-0-0,-483.9834,180.08221
7,74,0-0-2-0-1-0-1-0-2-0-0-1-0-2-3-0,-458.81607,154.92917
7,75,0-0-3-0-1-0-0-2-1-1-0-1-0-2-0-0,-467.08878,163.20836
7,76,0-0-0-0-1-0-0-2-2-1-0-1-0-3-0-2,-422.34598,118.52095
7,77,0-3-2-0-1-0-1-2-0-0-0-1-0-2-0-0,-459.37573,155.56255
7,78,0-3-3-0-1-0-1-0-2-1-0-0-0-2-0-0,-450.58777,146.77849
7,79,0-0-3-1-1-0-1-2-2-0-0-1-0-0-0-0,-421.778,118.023544
7,80,0-0-3-0-1-0-1-2-1-1-0-0-0-3-0-0,-458.0556,154.306
7,81,0-0-2-0-1-0-1-2-2-0-0-1-0-1-0-0,-425.35504,121.60852
7,82,0-0-3-0-1-0-1-2-0-1-0-0-0-2-3-0,-451.32,147.57393
7,83,0-3-2-0-0-0-1-0-2-1-0-1-0-3-0-0,-451.32,147.57393
7,84,0-3-2-0-1-0-1-2-0-1-0-0-0-3-0-0,-451.08612,147.34999
7,85,0-0-3-0-0-0-1-0-2-1-0-1-0-2-3-0,-451.08612,147.34999
7,86,0-0-3-1-1-0-0-2-2-1-0-1-0-0-0-0,-429.35565,125.64937
7,87,0-0-3-0-0-0-1-2-0-1-0-1-0-2-3-0,-451.27747,147.60628
7,88,0-3-2-0-1-0-1-0-2-1-0-0-0-3-0-0,-451.27747,147.60628
7,89,0-0-0-0-1-0-1-2-2-1-0-0-0-4-3-0,-396.79443,93.18412
7,90,0-0-2-0-1-0-1-0-2-1-0-1-0-0-3-0,-413.12354,109.96807
7,91,0-3-0-0-1-0-1-2-0-1-0-1-0-2-0-0,-413.12354,109.96807
7,92,0-0-3-0-1-0-0-2-2-0-0-1-1-4-0-0,-477.67804,174.56102
7,93,0-3-0-0-1-0-1-0-2-1-0-1-0-2-0-0,-414.15173,111.0752
7,94,0-0-0-0-1-0-1-0-2-1-0-1-0-2-3-0,-413.91312,110.8388
7,95,0-0-3-1-1-0-0-2-2-0-0-1-0-4-0-0,-477.37433,174.3229
7,96,0-0-3-0-1-0-1-2-2-0-0-0-1-2-0-0,-445.70776,142.79019
7,97,2-0-2-0-0-0-1-2-2-0-0-1-0-3-0-0,-449.85712,147.0711
7,98,2-0-3-0-1-0-1-2-2-0-0-0-0-2-0-0,-445.02142,142.27075
7,99,0-0-2-0-0-0-1-2-2-0-0-1-0-3-0-2,-449.83215,147.09769
7,100,0-0-3-0-0-0-0-2-2-1-0-1-1-2-0-0,-447.6775,144.94623
8,1,0-0-3-0-1-0-1-2-2-1-0-1-0-3-0-0,-474.57092,157.3982
8,2,0-0-3-0-1-0-1-2-2-1-0-1-0-3-0-0,-474.57092,157.3982
8,3,0-0-3-0-1-0-1-2-2-1-0-1-0-2-0-0,-458.8873,143.08928
8,4,0-0-3-0-1-0-0-2-2-1-0-1-0-3-3-0,-483.50775,168.36786
8,5,0-3-3-0-1-0-1-2-2-0-0-1-0-3-0-0,-483.50775,168.36786
8,6,0-0-3-0-1-0-1-2-2-0-0-1-0-3-3-0,-483.65356,168.51535
8,7,0-3-3-0-1-0-0-2-2-1-0-1-0-3-0-0,-483.65356,168.51535
8,8,0-0-4-0-1-0-1-2-2-1-0-1-0-3-0-0,-459.91766,145.38914
8,9,0-0-2-0-1-0-1-2-2-1-0-1-0-2-0-0,-443.18823,128.8067
8,10,0-0-3-0-1-0-1-2-2-0-0-1-0-2-3-0,-466.3011,152.58768
8,11,0-0-3-0-1-0-0-2-2-1-0-1-0-2-3-0,-468.70236,155.04018
8,12,0-3-3-0-1-0-0-2-2-1-0-1-0-2-0-0,-469.10638,155.4711
8,13,0-3-3-0-1-0-1-2-2-0-0-1-0-2-0-0,-465.90442,152.29521
8,14,0-3-3-0-1-0-1-2-2-1-0-0-0-3-0-0,-459.75134,146.46396
8,15,0-3-3-0-0-0-1-2-2-1-0-1-0-3-0-0,-459.68967,146.42766
8,16,0-0-3-0-1-0-1-2-2-1-0-1-0-0-3-0,-422.41956,109.26067
8,17,0-3-0-0-1-0-1-2-2-1-0-1-0-3-0-0,-422.41956,109.26067
8,18,0-3-3-0-1-0-0-2-2-0-0-1-0-3-3-0,-498.4226,185.28943
8,19,0-0-2-0-1-0-1-2-2-0-0-1-0-2-3-0,-451.33856,139.21931
8,20,0-3-2-0-1-0-1-2-2-0-0-1-0-2-0-0,-450.76416,138.67723
8,21,0-3-2-0-1-0-1-2-2-1-0-0-0-3-0-0,-443.69293,131.93207
8,22,0-0-3-0-0-0-1-2-2-1-0-1-0-2-3-0,-443.69293,131.93207
8,23,0-3-3-0-1-0-1-2-0-1-0-1-0-3-0-0,-476.54025,164.87263
8,24,0-3-0-0-1-0-1-2-2-1-0-1-0-2-0-0,-406.23245,94.65545
8,25,0-0-2-0-1-0-1-2-2-1-0-1-0-0-3-0,-406.23245,94.65545
8,26,0-3-3-0-0-0-1-2-2-0-0-1-0-3-3-0,-470.0501,158.83871
8,27,0-3-3-0-1-0-0-2-2-1-0-0-0-3-3-0,-470.0501,158.83871
8,28,0-0-3-1-1-0-0-2-2-1-0-1-0-3-0-0,-474.6005,163.56664
8,29,0-0-3-0-1-0-1-2-2-0-0-1-0-3-0-2,-475.21533,164.39534
8,30,2-0-3-0-1-0-0-2-2-1-0-1-0-3-0-0,-475.21533,164.39534
8,31,0-3-0-0-1-0-1-2-2-0-0-1-0-3-3-0,-434.33972,123.574715
8,32,0-3-3-0-1-0-0-2-2-1-0-1-0-0-3-0,-434.33972,123.574715
8,33,0-0-4-0-0-0-1-2-2-1-0-1-0-3-3-0,-444.30646,133.8847
8,34,0-3-3-0-0-0-1-2-2-1-0-1-0-4-0-0,-444.5651,134.24841
8,35,0-0-4-0-1-0-1-2-2-1-0-0-0-3-3-0,-444.5651,134.24841
8,36,0-3-2-0-0-0-1-2-2-1-0-1-0-2-0-0,-426.98535,116.76115
8,37,0-3-2-0-1-0-1-2-0-1-0-1-0-3-0-0,-460.42935,150.29727
8,38,0-0-3-0-1-0-1-0-2-1-0-1-0-2-3-0,-460.42935,150.29727
8,39,0-0-3-0-1-0-1-2-0-1-0-1-0-2-3-0,-461.1037,151.05411
8,40,0-3-2-0-1-0-1-0-2-1-0-1-0-3-0-0,-461.1037,151.05411
8,41,0-3-3-0-1-0-1-2-0-1-0-1-0-2-0-0,-460.77472,150.74585
8,42,0-3-3-0-1-0-0-2-0-1-0-1-0-3-3-0,-485.9737,176.27765
8,43,0-3-3-0-0-0-0-2-2-1-0-1-0-2-3-0,-453.2636,143.80357
8,44,0-0-3-1-1-0-1-2-2-0-0-1-0-2-0-0,-455.51862,146.31343
8,45,2-0-2-0-1-0-0-2-2-1-0-1-0-3-0-0,-457.6854,148.5468
8,46,0-0-2-0-1-0-1-2-2-0-0-1-0-3-0-2,-459.7575,150.62892
8,47,0-0-2-0-1-0-0-2-2-1-0-1-0-3-0-2,-456.2425,147.12572
8,48,0-3-0-0-1-0-1-2-2-1-0-1-0-0-3-0,-368.9847,59.87041
8,49,0-0-3-1-0-0-1-2-2-1-0-1-0-3-0-0,-450.08475,141.01373
8,50,0-0-3-0-1-0-1-2-2-1-0-0-0-3-0-2,-450.73773,141.86546
8,51,2-0-3-0-0-0-1-2-2-1-0-1-0-3-0-0,-450.73773,141.86546
8,52,2-0-3-0-1-0-1-2-2-1-0-0-0-3-0-0,-450.27472,141.41302
8,53,0-0-3-0-0-0-1-2-2-1-0-1-0-3-0-2,-450.27472,141.41302
8,54,0-3-3-0-0-0-1-2-2-1-0-1-0-0-3-0,-406.6176,97.818565
8,55,0-3-0-0-1-0-1-2-2-1-0-0-0-3-3-0,-406.6176,97.818565
8,56,0-0-3-0-1-0-0-2-2-0-0-1-0-3-3-2,-489.15826,180.47493
8,57,2-3-3-0-1-0-0-2-2-0-0-1-0-3-0-0,-489.15826,180.47493
8,58,0-3-3-0-1-0-1-0-2-1-0-1-0-4-0-0,-461.68814,153.00783
8,59,0-0-3-0-1-0-1-2-0-1-0-1-0-4-3-0,-462.05286,153.42287
8,60,0-0-0-1-1-0-1-2-2-1-0-1-0-3-0-0,-412.22702,103.61804
8,61,0-0-4-0-1-0-1-0-2-1-0-1-0-3-3-0,-461.7189,153.12364
8,62,0-0-0-0-1-0-1-2-2-1-0-1-1-3-0-0,-411.76358,103.31628
8,63,0-3-4-0-1-0-0-2-2-0-0-1-0-2-3-0,-466.23712,157.91461
8,64,0-3-4-0-0-0-1-2-2-0-0-1-0-3-3-0,-455.46307,147.32687
8,65,0-3-3-0-0-0-0-2-2-1-0-1-0-4-3-0,-454.1353,146.14882
8,66,0-3-2-0-1-0-0-2-0-1-0-1-0-3-3-0,-468.2964,160.32921
8,67,0-0-3-0-1-0-1-1-2-0-0-1-0-3-3-0,-476.71918,168.78305
8,68,0-3-2-0-1-0-0-2-2-1-0-0-0-2-3-0,-436.16992,128.27596
8,69,0-3-2-0-1-0-1-2-0-0-0-1-0-3-3-0,-471.85706,163.99875
8,70,0-3-3-0-1-0-1-2-0-0-0-1-0-2-3-0,-469.43103,161.57454
8,71,0-3-3-0-0-0-1-2-0-1-0-1-0-3-3-0,-461.67468,154.01556
8,72,0-3-4-0-1-0-0-2-2-1-0-1-0-0-3-0,-417.28864,109.63843
8,73,0-3-3-0-1-0-1-2-0-1-0-0-0-3-3-0,-462.03833,154.43748
8,74,0-0-4-0-1-0-0-2-2-1-0-1-0-3-0-2,-457.36655,149.77983
8,75,0-0-2-0-1-0-1-2-2-0-0-1-1-2-0-0,-441.0813,133.55301
8,76,2-0-3-0-1-0-1-2-0-1-0-1-0-3-0-0,-468.27496,161.04755
8,77,2-0-3-0-1-0-1-0-2-1-0-1-0-3-0-0,-467.55408,160.32988
8,78,0-0-3-0-1-0-1-2-0-1-0-1-0-3-0-2,-467.55408,160.32988
8,79,0-3-0-0-1-0-1-2-2-1-0-0-0-2-3-0,-389.7254,82.5114
8,80,2-0-2-0-1-0-1-2-2-1-0-0-0-3-0-0,-434.11523,126.93661
8,81,0-3-0-0-1-0-1-2-0-1-0-1-0-3-3-0,-423.71927,116.585846
8,82,0-0-3-1-1-0-0-2-2-1-0-0-0-3-3-0,-459.52438,152.59416
8,83,0-3-4-0-1-0-1-2-0-1-0-1-0-2-0-0,-445.56873,138.6424
8,84,0-0-3-0-1-0-0-2-2-0-0-1-0-2-3-2,-472.97168,166.04701
8,85,0-0-0-1-1-0-1-2-2-1-0-1-0-2-0-0,-395.56445,88.72092
8,86,0-0-4-0-1-0-1-1-2-1-0-1-0-3-0-0,-452.6674,145.85374
8,87,0-0-0-0-1-0-1-2-2-1-0-1-0-2-0-2,-395.6269,88.84497
8,88,0-3-3-0-0-0-1-2-2-0-0-1-0-3-0-2,-460.2837,153.6098
8,89,2-0-3-0-1-0-1-2-2-0-0-0-0-3-3-0,-458.201,151.56177
8,90,0-3-3-0-0-0-0-2-2-1-0-1-0-3-0-2,-458.201,151.56177
8,91,0-3-4-0-0-0-1-2-2-0-0-1-0-2-3-0,-437.08554,130.62045
8,92,0-3-4-0-1-0-1-0-2-0-0-1-0-3-3-0,-471.93378,165.64305
8,93,0-0-3-0-1-0-1-2-2-0-0-1-1-0-3-0,-417.7856,111.51627
8,94,2-3-0-0-1-0-0-2-2-1-0-1-0-3-0-0,-419.21265,113.02911
8,95,0-3-2-0-1-0-0-2-1-1-0-1-0-3-0-0,-459.15695,152.99539
8,96,0-3-2-0-1-0-0-2-0-1-0-1-0-2-3-0,-453.2056,147.14801
8,97,2-0-0-0-1-0-0-2-2-1-0-1-0-3-3-0,-418.24484,112.208786
8,98,0-3-2-0-1-0-1-2-0-0-0-1-0-2-3-0,-453.99524,147.98694
8,99,0-3-3-0-1-0-1-0-0-1-0-1-0-3-3-0,-478.41742,172.41566
8,100,0-3-3-0-1-0-0-2-2-1-0-1-1-0-0-0,-423.0652,117.10872
9,1,0-3-3-0-1-0-1-2-2-1-0-1-0-3-0-0,-468.9364,149.88496
9,2,0-3-3-0-1-0-1-2-2-1-0-1-0-3-0-0,-468.9364,149.88496
9,3,0-3-3-0-1-0-1-2-2-1-0-1-0-3-0-0,-468.9364,149.88496
9,4,0-0-3-0-1-0-1-2-2-1-0-1-0-3-3-0,-468.9364,149.88496
9,5,0-0-3-0-1-0-1-2-2-1-0-1-0-2-3-0,-453.22357,135.47874
9,6,0-3-2-0-1-0-1-2-2-1-0-1-0-3-0-0,-453.22357,135.47874
9,7,0-0-2-0-1-0-1-2-2-1-0-1-0-3-3-0,-453.2084,135.5051
9,8,0-3-3-0-1-0-1-2-2-0-0-1-0-3-3-0,-478.45416,161.34319
9,9,0-3-3-0-1-0-0-2-2-1-0-1-0-3-3-0,-478.45416,161.34319
9,10,0-3-4-0-1-0-1-2-2-1-0-1-0-3-0-0,-454.2939,137.7716
9,11,0-3-2-0-1-0-0-2-2-1-0-1-0-3-3-0,-460.88293,145.20648
9,12,0-3-3-0-1-0-1-2-2-0-0-1-0-2-3-0,-460.88293,145.20648
9,13,0-3-2-0-1-0-1-2-2-0-0-1-0-3-3-0,-463.66086,148.01624
9,14,0-3-3-0-1-0-1-2-2-1-0-0-0-3-3-0,-454.41,139.16214
9,15,0-3-3-0-0-0-1-2-2-1-0-1-0-3-3-0,-454.41,139.16214
9,16,0-3-0-0-1-0-1-2-2-1-0-1-0-3-3-0,-416.78146,101.5823
9,17,0-3-3-0-1-0-1-2-2-1-0-1-0-0-3-0,-416.78146,101.5823
9,18,0-0-3-1-1-0-1-2-2-1-0-1-0-3-0-0,-459.68042,144.60559
9,19,0-3-4-0-1-0-0-2-2-1-0-1-0-3-3-0,-462.11237,147.7253
9,20,0-3-4-0-1-0-1-2-2-0-0-1-0-3-3-0,-464.57,150.2384
9,21,0-3-3-0-0-0-1-2-2-1-0-1-0-2-3-0,-438.1244,124.37533
9,22,0-3-3-0-1-0-1-2-0-1-0-1-0-3-3-0,-471.1379,157.42233
9,23,0-3-3-0-1-0-1-0-2-1-0-1-0-3-3-0,-471.1379,157.42233
9,24,0-3-2-0-1-0-1-2-2-1-0-1-0-0-3-0,-400.43228,86.78764
9,25,0-0-3-0-1-0-1-2-2-1-0-1-1-2-0-0,-443.43372,129.80496
9,26,0-0-3-1-1-0-1-2-2-1-0-1-0-2-0-0,-443.4124,129.86536
9,27,2-0-3-0-1-0-1-2-2-1-0-1-0-2-0-0,-443.74146,130.3696
9,28,0-3-3-1-1-0-1-2-2-0-0-1-0-3-0-0,-468.1513,155.17271
9,29,0-0-3-0-1-0-1-2-2-0-0-1-0-3-3-2,-470.37463,157.57402
9,30,0-0-3-0-1-0-0-2-2-1-0-1-0-3-3-2,-468.94702,156.15726
9,31,2-0-3-0-1-0-1-2-2-0-0-1-0-3-3-0,-468.88745,156.12024
9,32,0-3-2-0-1-0-0-2-2-1-0-1-0-4-3-0,-446.5424,133.799
9,33,0-3-4-0-1-0-1-2-2-1-0-0-0-3-3-0,-439.18442,126.7756
9,34,0-3-0-0-1-0-1-2-2-1-0-1-0-4-3-0,-401.4989,89.197525
9,35,0-0-4-1-1-0-1-2-2-1-0-1-0-3-0-0,-444.46497,132.21513
9,36,0-3-3-0-1-0-1-0-2-1-0-1-0-2-3-0,-455.04333,142.81918
9,37,0-0-3-1-1-0-0-2-2-1-0-1-0-2-3-0,-453.2234,141.85072
9,38,0-3-2-1-1-0-1-2-2-0-0-1-0-3-0-0,-452.96014,141.6183
9,39,0-3-3-0-1-0-0-2-2-1-0-1-1-2-0-0,-452.859,141.54901
9,40,2-0-3-0-1-0-1-2-2-0-0-1-0-2-3-0,-450.84558,139.59715
9,41,2-3-2-0-1-0-1-2-2-0-0-1-0-3-0-0,-453.94647,142.70517
9,42,0-0-3-0-1-0-0-2-2-1-0-1-0-2-3-2,-453.94647,142.70517
9,43,0-3-2-0-1-0-1-2-2-0-0-1-0-3-0-2,-453.99567,142.827
9,44,2-3-3-0-1-0-0-2-2-1-0-1-0-2-0-0,-454.7998,143.63881
9,45,0-0-2-0-1-0-1-2-2-0-0-1-0-3-3-2,-454.7998,143.63881
9,46,0-3-3-0-0-0-1-2-2-1-0-1-1-3-0-0,-444.00613,132.92279
9,47,0-0-3-0-1-0-1-2-2-1-0-0-1-3-3-0,-444.52396,133.44847
9,48,0-3-3-1-1-0-0-2-2-0-0-1-0-3-3-0,-483.27356,172.31273
9,49,0-3-2-0-1-0-1-2-2-1-0-0-0-4-3-0,-422.51343,111.58322
9,50,0-3-3-0-1-0-1-2-2-1-0-0-0-3-0-2,-445.06213,134.19394
9,51,0-3-3-1-1-0-1-2-2-1-0-1-0-0-0-0,-405.99377,95.46288
9,52,0-0-0-0-1-0-1-2-2-1-0-1-1-3-3-0,-405.99377,95.46288
9,53,2-0-4-0-1-0-1-2-2-1-0-1-0-2-0-0,-428.96588,118.44497
9,54,0-3-3-0-1-0-1-1-2-1-0-1-0-2-0-0,-446.22552,135.81622
9,55,0-0-3-0-1-0-1-2-2-1-0-1-2-3-0-0,-458.42896,148.29118
9,56,0-0-3-2-1-0-1-2-2-1-0-1-0-3-0-0,-458.42896,148.29118
9,57,0-3-3-0-1-0-0-2-2-1-0-1-0-4-0-2,-454.7182,144.96011
9,58,0-3-3-0-1-0-1-2-2-0-0-1-0-4-0-2,-452.98346,143.23384
9,59,0-0-4-0-1-0-0-2-2-1-0-1-1-3-3-0,-451.10852,141.36884
9,60,0-3-3-0-1-0-1-2-2-0-0-1-0-1-3-0,-429.86108,120.12966
9,61,0-0-2-0-1-0-1-2-2-0-0-1-1-2-3-0,-436.03674,126.32638
9,62,0-3-4-0-1-0-1-2-2-0-0-1-0-3-0-2,-454.88675,145.20718
9,63,0-0-3-0-1-0-1-2-2-1-0-0-1-2-3-0,-427.65106,118.13197
9,64,0-0-2-1-0-0-1-2-2-1-0-1-0-3-3-0,-427.24744,117.740166
9,65,0-0-3-0-1-0-1-0-2-1-0-1-1-3-3-0,-461.61877,152.11813
9,66,0-3-2-1-1-0-1-2-2-1-0-0-0-3-0-0,-427.7771,118.30542
9,67,0-3-3-0-1-0-1-0-2-1-0-1-1-3-0-0,-461.28015,151.81656
9,68,0-3-3-0-0-0-1-2-2-1-0-1-1-2-0-0,-427.28644,117.87098
9,69,0-3-3-1-0-0-1-2-2-1-0-1-0-2-0-0,-427.747,118.40831
9,70,0-3-3-0-1-0-1-2-2-1-0-0-0-2-0-2,-428.59686,119.264915
9,71,2-0-2-0-0-0-1-2-2-1-0-1-0-3-3-0,-428.59686,119.264915
9,72,2-3-3-0-1-0-1-2-2-1-0-0-0-2-0-0,-427.61957,118.33486
9,73,0-0-3-0-1-0-1-2-0-1-0-1-0-3-3-2,-462.12796,152.86705
9,74,0-3-3-0-1-0-1-0-2-1-0-1-0-3-0-2,-462.72668,153.46822
9,75,0-3-3-0-0-0-1-2-2-1-0-1-0-2-0-2,-428.32788,119.08823
9,76,0-3-3-1-1-0-0-2-2-0-0-1-0-2-3-0,-466.14923,156.97453
9,77,0-3-4-0-1-0-1-2-0-1-0-1-0-2-3-0,-440.1244,131.08069
9,78,0-3-3-0-1-0-1-2-2-0-0-0-1-3-3-0,-453.65585,144.66417
9,79,2-3-3-0-1-0-0-2-2-0-0-1-0-2-3-0,-466.77728,157.79778
9,80,0-3-3-1-1-0-1-2-2-0-0-0-0-3-3-0,-452.61676,143.64342
9,81,0-0-4-0-1-0-1-1-2-1-0-1-0-3-3-0,-447.15448,138.2278
9,82,0-3-0-0-1-0-1-2-2-1-0-1-1-2-0-0,-389.01923,80.11287
9,83,0-0-0-0-1-0-1-2-2-1-0-1-0-2-3-2,-389.83813,80.97449
9,84,2-3-3-0-0-0-1-2-2-0-0-1-0-3-3-0,-454.99368,146.21526
9,85,2-0-3-1-1-0-0-2-2-1-0-1-0-3-0-0,-460.6325,152.00835
9,86,0-0-3-1-1-0-0-2-2-1-0-1-0-3-0-2,-459.51135,150.96121
9,87,2-0-3-1-1-0-1-2-2-0-0-1-0-3-0-0,-458.7096,150.17038
9,88,0-3-3-0-1-0-1-2-2-0-0-1-1-0-3-0,-412.00745,103.59555
9,89,2-0-3-0-1-0-0-2-2-1-0-1-0-3-0-2,-460.62286,152.26323
9,90,0-0-3-0-1-0-1-2-2-1-0-1-2-2-0-0,-442.0307,133.72731
9,91,2-3-0-0-1-0-0-2-2-1-0-1-0-3-3-0,-413.42386,105.12832
9,92,0-3-3-0-1-0-1-2-2-0-0-1-0-0-3-2,-413.42386,105.12832
9,93,2-3-0-0-1-0-1-2-2-0-0-1-0-3-3-0,-419.27747,111.06513
9,94,0-3-3-0-1-0-1-2-1-0-0-1-0-2-3-0,-453.5079,145.32584
9,95,0-3-2-0-1-0-1-1-2-0-0-1-0-3-3-0,-456.4554,148.28549
9,96,2-3-3-0-1-0-1-2-2-0-0-1-0-0-3-0,-411.30533,103.13773
9,97,2-3-2-0-1-0-0-2-2-1-0-1-0-4-0-0,-437.79468,129.74994
9,98,0-3-2-0-1-0-0-2-2-1-0-1-0-1-3-0,-418.11554,110.17962
9,99,0-0-3-1-0-0-1-2-2-1-0-1-0-4-3-0,-428.43652,120.56958
9,100,0-3-2-1-1-0-1-2-2-1-0-0-0-2-0-0,-410.6447,102.83788
10,1,0-3-3-0-1-0-1-2-2-1-0-1-0-3-3-0,-463.6726,142.73615
10,2,0-3-3-0-1-0-1-2-2-1-0-1-0-3-3-0,-463.6726,142.73615
10,3,0-3-3-0-1-0-1-2-2-1-0-1-0-3-3-0,-463.6726,142.73615
10,4,0-3-2-0-1-0-1-2-2-1-0-1-0-3-3-0,-447.74945,128.1097
10,5,0-3-3-0-1-0-1-2-2-1-0-1-0-4-3-0,-448.8677,130.39087
10,6,0-0-3-0-1-0-1-2-2-1-0-1-1-3-3-0,-454.22076,137.18922
10,7,0-3-3-1-1-0-1-2-2-1-0-1-0-3-0-0,-454.22076,137.18922
10,8,0-3-3-0-1-0-1-2-2-1-0-1-1-3-0-0,-453.75552,136.7567
10,9,2-3-3-0-1-0-1-2-2-1-0-1-0-3-0-0,-454.7583,138.00029
10,10,0-3-2-0-1-0-1-2-2-1-0-1-1-3-0-0,-437.39905,121.844055
10,11,0-0-2-1-1-0-1-2-2-1-0-1-0-3-3-0,-437.36,121.80879
10,12,0-3-3-1-1-0-1-2-2-1-0-1-0-2-0-0,-437.82068,122.29636
10,13,0-0-2-0-1-0-1-2-2-1-0-1-1-3-3-0,-437.82068,122.29636
10,14,2-0-3-0-1-0-1-2-2-1-0-1-0-2-3-0,-437.93173,122.56905
10,15,0-3-3-0-1-0-1-2-2-0-0-1-1-3-3-0,-463.85535,148.78253
10,16,0-3-3-1-1-0-0-2-2-1-0-1-0-3-3-0,-463.85535,148.78253
10,17,0-3-3-1-1-0-1-2-2-0-0-1-0-3-3-0,-462.84344,147.82483
10,18,0-3-3-0-1-0-0-2-2-1-0-1-0-3-3-2,-463.79443,149.02023
10,19,0-3-4-1-1-0-1-2-2-1-0-1-0-3-0-0,-438.99432,124.66033
10,20,0-3-1-0-1-0-1-2-2-1-0-1-0-3-3-0,-419.0062,104.84166
10,21,0-0-4-0-1-0-1-2-2-1-0-1-1-3-3-0,-438.88467,124.720146
10,22,0-0-2-1-1-0-1-2-2-1-0-1-0-2-3-0,-420.971,106.87406
10,23,0-0-2-0-1-0-1-2-2-1-0-1-1-2-3-0,-421.28137,107.197586
10,24,2-0-2-0-1-0-1-2-2-1-0-1-0-2-3-0,-421.99115,108.04471
10,25,0-3-3-0-1-0-1-2-2-0-0-1-1-2-3-0,-445.79413,132.26535
10,26,0-3-2-1-1-0-0-2-2-1-0-1-0-3-3-0,-445.79413,132.26535
10,27,0-3-2-0-1-0-1-2-2-0-0-1-1-3-3-0,-448.51965,135.07349
10,28,0-3-3-0-1-0-0-2-2-1-0-1-1-2-3-0,-447.61438,134.2168
10,29,0-3-3-0-1-0-0-2-2-1-0-1-0-2-3-2,-448.65045,135.3948
10,30,2-3-2-0-1-0-1-2-2-0-0-1-0-3-3-0,-448.65045,135.3948
10,31,0-3-2-0-1-0-1-2-2-0-0-1-0-3-3-2,-449.23785,136.05617
10,32,0-3-3-0-0-0-1-2-2-1-0-1-1-3-3-0,-438.91592,125.76307
10,33,0-3-3-0-1-0-1-2-2-1-0-0-1-3-3-0,-439.06836,125.96408
10,34,0-0-3-1-1-0-1-2-2-1-0-1-1-3-0-0,-444.2707,131.29419
10,35,0-3-3-0-1-0-1-2-2-1-0-0-0-3-3-2,-439.76587,126.89373
10,36,2-3-0-0-1-0-1-2-2-1-0-1-0-3-3-0,-402.49164,89.75364
10,37,0-3-3-0-1-0-1-2-2-1-0-1-0-0-3-2,-402.49164,89.75364
10,38,0-3-3-1-1-0-1-2-2-1-0-1-0-0-3-0,-400.13852,87.42302
10,39,0-3-0-0-1-0-1-2-2-1-0-1-1-3-3-0,-400.13852,87.42302
10,40,0-0-4-1-1-0-1-2-2-1-0-1-0-2-3-0,-422.00348,109.34684
10,41,0-3-2-0-1-0-1-2-2-1-0-1-0-1-3-0,-402.70477,90.08799
10,42,0-3-0-0-1-0-1-2-2-1-0-1-0-3-3-2,-400.493,87.88454
10,43,0-3-3-0-1-0-1-1-2-1-0-1-0-2-3-0,-440.968,128.42229
10,44,0-3-2-0-1-0-1-2-1-1-0-1-0-3-3-0,-440.968,128.42229
10,45,2-3-2-0-1-0-1-2-2-1-0-1-0-4-0-0,-423.39383,110.86555
10,46,0-3-3-0-1-0-1-2-1-1-0-1-0-2-3-0,-440.87292,128.44536
10,47,0-0-3-0-1-0-1-2-2-1-0-1-2-3-3-0,-453.06958,140.77693
10,48,0-3-3-0-1-0-1-2-2-0-0-1-1-4-3-0,-447.01556,134.85521
10,49,0-3-4-1-1-0-1-2-2-0-0-1-0-3-3-0,-448.52454,136.51462
10,50,0-3-3-1-1-0-1-2-2-0-0-1-0-4-3-0,-445.98752,134.00742
10,51,0-3-3-1-1-0-1-2-0-1-0-1-0-3-3-0,-456.03308,144.45036
10,52,0-3-3-0-1-0-1-0-2-1-0-1-1-3-3-0,-456.03308,144.45036
10,53,0-3-3-1-1-0-1-0-2-1-0-1-0-3-3-0,-456.5133,144.96408
10,54,2-3-2-0-0-0-1-2-2-1-0-1-0-3-3-0,-423.35565,111.94832
10,55,0-0-2-1-1-0-1-2-2-1-0-1-1-3-0-0,-427.4153,116.064064
10,56,2-3-3-0-1-0-1-2-2-1-0-0-0-2-3-0,-422.0773,110.75054
10,57,0-3-3-0-1-0-1-0-2-1-0-1-0-3-3-2,-457.2943,145.99225
10,58,2-3-3-0-1-0-1-0-2-1-0-1-0-3-3-0,-456.42035,145.133
10,59,2-3-3-0-0-0-1-2-2-1-0-1-0-2-3-0,-422.78412,111.551155
10,60,0-0-4-0-1-0-1-2-2-1-0-1-1-4-3-0,-423.3311,112.15507
10,61,0-0-2-1-1-0-1-2-2-1-0-1-0-3-0-2,-427.99463,116.873184
10,62,2-3-0-0-1-0-1-2-2-1-0-1-0-2-3-0,-385.43835,74.32696
10,63,2-3-4-0-1-0-1-2-2-1-0-1-0-4-0-0,-424.35413,113.24527
10,64,0-3-3-0-1-0-1-2-2-1-0-1-0-3-2-0,-451.3481,140.40134
10,65,0-0-3-1-1-0-1-2-2-0-0-1-1-3-3-0,-453.32727,142.44846
10,66,0-3-2-0-1-0-1-2-1-1-0-1-0-2-3-0,-424.61902,113.80536
10,67,0-0-3-0-1-0-1-2-2-0-0-1-1-3-3-2,-455.9541,145.22455
10,68,2-3-3-1-1-0-1-2-2-0-0-1-0-3-0-0,-453.54492,142.95206
10,69,2-3-3-0-1-0-0-2-2-1-0-1-1-3-0-0,-454.22528,143.661
10,70,2-0-3-0-1-0-1-2-2-0-0-1-0-3-3-2,-455.5744,145.20006
10,71,0-3-2-0-1-0-0-2-2-1-0-1-0-4-3-2,-430.91248,120.67097
10,72,0-3-2-0-1-0-1-2-2-1-0-0-1-2-3-0,-405.00272,95.090866
10,73,0-3-2-1-0-0-1-2-2-1-0-1-0-2-3-0,-405.00272,95.090866
10,74,0-0-3-1-1-0-1-2-1-1-0-1-0-3-3-0,-446.81537,137.03305
10,75,0-3-2-0-1-0-1-2-2-1-0-0-0-2-3-2,-406.2389,96.46365
10,76,2-3-3-0-1-0-1-2-0-1-0-1-0-2-3-0,-440.7035,131.08597
10,77,0-3-2-0-1-0-1-0-2-1-0-1-0-3-3-2,-440.7035,131.08597
10,78,2-3-4-0-1-0-1-2-2-1-0-1-0-0-3-0,-385.08554,75.47106
10,79,2-0-1-0-1-0-1-2-2-1-0-1-0-3-3-0,-410.1237,100.58872
10,80,2-0-3-0-1-0-1-2-2-1-0-1-0-1-3-0,-408.2879,98.821594
10,81,0-0-1-0-1-0-1-2-2-1-0-1-1-3-3-0,-408.27722,98.832794
10,82,0-3-2-0-1-0-1-2-2-1-0-1-0-3-2-0,-435.0006,125.66672
10,83,0-3-3-0-1-0-1-2-2-1-0-2-0-3-3-0,-463.14703,153.81935
10,84,0-0-2-1-1-0-1-2-2-0-0-1-1-3-3-0,-437.4023,128.35396
10,85,0-3-3-1-0-0-1-2-2-1-0-1-1-3-0-0,-428.36768,119.465645
10,86,0-0-2-0-1-0-1-2-2-0-0-1-1-3-3-2,-439.8372,130.98206
10,87,0-3-2-0-1-0-0-2-2-1-0-1-1-3-0-2,-434.38428,125.57402
10,88,2-0-3-0-1-0-1-2-2-0-0-1-0-2-3-2,-437.1776,128.4171
10,89,0-3-3-1-1-0-0-2-2-0-0-1-1-3-3-0,-467.3706,158.61058
10,90,2-3-3-1-0-0-1-2-2-1-0-1-0-3-0-0,-429.93298,121.268616
10,91,2-0-3-1-1-0-1-2-2-1-0-0-0-3-3-0,-428.677,120.04702
10,92,0-3-3-0-1-0-0-2-2-0-0-1-1-3-3-2,-468.8034,160.27896
10,93,0-3-4-1-1-0-1-2-0-1-0-1-0-3-3-0,-440.5266,132.08559
10,94,0-3-2-0-0-0-1-2-2-1-0-1-1-4-3-0,-405.87177,97.46322
10,95,0-3-2-1-0-0-1-2-2-1-0-1-0-4-3-0,-406.0093,97.67687
10,96,0-3-3-0-1-0-1-2-2-0-0-1-2-2-3-0,-444.3772,136.16675
10,97,0-3-3-1-1-0-1-0-2-1-0-1-0-4-3-0,-440.65332,132.44608
10,98,0-3-3-0-1-0-1-2-0-1-0-1-0-4-3-2,-441.4899,133.29929
10,99,0-3-4-0-1-0-1-2-0-1-0-1-0-3-3-2,-440.5575,132.37123
10,100,0-3-3-2-0-0-1-2-2-1-0-1-0-3-3-0,-437.8639,129.68057
11,1,0-3-3-1-1-0-1-2-2-1-0-1-0-3-3-0,-448.7725,129.7805
11,2,0-3-3-0-1-0-1-2-2-1-0-1-1-3-3-0,-448.7725,129.7805
11,3,0-3-3-1-1-0-1-2-2-1-0-1-0-3-3-0,-448.7725,129.7805
11,4,0-3-3-0-1-0-1-2-2-1-0-1-0-3-3-2,-449.39252,130.69823
11,5,0-3-3-0-1-0-1-2-2-1-0-1-1-2-3-0,-432.33685,114.779465
11,6,0-3-2-1-1-0-1-2-2-1-0-1-0-3-3-0,-432.33685,114.779465
11,7,2-3-2-0-1-0-1-2-2-1-0-1-0-3-3-0,-433.49606,116.13667
11,8,2-3-3-0-1-0-1-2-2-1-0-1-0-2-3-0,-432.6398,115.366356
11,9,2-3-4-0-1-0-1-2-2-1-0-1-0-3-3-0,-434.56305,118.43676
11,10,2-3-2-0-1-0-1-2-2-1-0-1-0-2-3-0,-416.63217,100.64988
11,11,0-3-2-0-1-0-1-2-2-1-0-1-1-4-3-0,-416.7548,101.99355
11,12,0-3-4-1-1-0-1-2-2-1-0-1-0-2-3-0,-416.7548,101.99355
11,13,0-0-3-0-1-0-1-2-2-1-0-1-1-3-3-2,-439.73828,125.02986
11,14,2-0-3-1-1-0-1-2-2-1-0-1-0-3-3-0,-439.0528,124.39162
11,15,0-0-3-1-1-0-1-2-2-1-0-1-0-3-3-2,-439.34686,124.71015
11,16,2-3-3-0-1-0-1-2-2-1-0-1-1-3-0-0,-439.34686,124.71015
11,17,2-0-3-0-1-0-1-2-2-1-0-1-0-3-3-2,-440.5933,126.19034
11,18,2-3-3-0-1-0-1-2-2-1-0-1-0-3-0-2,-440.5933,126.19034
11,19,0-3-3-2-1-0-1-2-2-1-0-1-0-3-3-0,-447.6453,133.3513
11,20,0-0-2-1-1-0-1-2-2-1-0-1-1-3-3-0,-421.46893,108.06964
11,21,2-0-2-1-1-0-1-2-2-1-0-1-0-3-3-0,-422.69,109.51335
11,22,2-3-2-0-1-0-1-2-2-1-0-1-1-3-0-0,-423.01193,109.85368
11,23,2-0-3-0-1-0-1-2-2-1-0-1-1-2-3-0,-422.43356,109.29256
11,24,0-0-2-1-1-0-1-2-2-1-0-1-0-3-3-2,-422.37637,109.26866
11,25,0-3-3-1-1-0-0-2-2-1-0-1-0-3-3-2,-449.08838,136.41898
11,26,2-3-3-0-1-0-1-2-2-0-0-1-1-3-3-0,-449.08838,136.41898
11,27,0-3-3-1-1-0-1-2-2-0-0-1-0-3-3-2,-449.06152,136.44662
11,28,0-3-2-2-1-0-1-2-2-1-0-1-0-3-3-0,-431.09305,118.5728
11,29,0-3-3-1-1-0-1-2-1-1-0-1-0-3-3-0,-441.95148,130.05704
11,30,0-3-4-1-1-0-1-2-2-1-0-1-0-3-0-2,-423.5512,111.76604
11,31,0-3-3-0-1-0-1-2-2-1-0-1-0-1-3-2,-404.71973,93.0545
11,32,2-3-3-1-1-0-1-2-2-1-0-1-0-4-0-0,-423.63654,112.01759
11,33,0-3-1-0-1-0-1-2-2-1-0-1-1-3-3-0,-402.4448,90.83784
11,34,2-3-2-0-1-0-1-2-2-1-0-1-0-2-0-2,-407.533,96.090706
11,35,0-3-2-1-1-0-0-2-2-1-0-1-1-3-3-0,-429.32834,118.02715
11,36,0-3-3-1-0-0-1-2-2-1-0-1-1-3-3-0,-423.0277,112.002014
11,37,0-3-3-1-1-0-1-2-2-1-0-0-1-3-3-0,-423.0277,112.002014
11,38,2-3-2-0-1-0-1-2-2-0-0-1-1-3-3-0,-433.5056,122.5237
11,39,2-3-3-1-1-0-0-2-2-1-0-1-0-2-3-0,-433.99084,123.04452
11,40,2-3-3-1-1-0-1-2-2-1-0-0-0-3-3-0,-423.5824,112.86779
11,41,0-0-3-1-1-0-1-2-2-1-0-1-1-3-0-2,-429.2651,118.73818
11,42,2-3-3-0-1-0-1-2-2-1-0-0-0-3-3-2,-425.17584,114.726555
11,43,0-3-0-1-1-0-1-2-2-1-0-1-1-3-3-0,-383.58704,73.20502
11,44,2-3-0-1-1-0-1-2-2-1-0-1-0-3-3-0,-386.24924,75.92667
11,45,0-0-2-1-1-0-1-2-2-1-0-1-1-4-3-0,-405.48083,95.23892
11,46,0-3-0-1-1-0-1-2-2-1-0-1-0-3-3-2,-384.4598,74.26129
11,47,0-0-2-0-1-0-1-2-2-1-0-1-1-4-3-2,-407.24292,97.13201
11,48,2-3-3-1-1-0-1-2-2-1-0-1-0-0-3-0,-383.67853,73.66707
11,49,2-3-2-1-1-0-1-2-2-1-0-1-0-4-0-0,-407.28537,97.30565
11,50,0-0-4-0-1-0-1-2-2-1-0-1-1-2-3-2,-407.28537,97.30565
11,51,2-3-4-1-1-0-0-2-2-1-0-1-0-3-3-0,-433.0901,123.40041
11,52,0-0-3-2-1-0-1-2-2-1-0-1-0-3-3-2,-438.09845,128.49489
11,53,0-3-4-1-1-0-0-2-2-1-0-1-0-3-3-2,-431.62454,122.05878
11,54,0-3-3-1-1-0-1-2-2-1-0-0-1-2-3-0,-405.39877,96.09383
11,55,0-3-2-1-1-0-0-2-2-1-0-1-0-2-3-2,-414.30682,105.067566
11,56,0-3-3-1-0-0-1-2-2-1-0-1-1-2-3-0,-405.68967,96.45996
11,57,0-3-2-1-1-0-1-2-2-1-0-0-1-3-3-0,-405.68967,96.45996
11,58,0-3-3-1-1-0-1-2-0-1-0-1-0-3-3-2,-440.97018,131.89229
11,59,2-3-3-1-0-0-1-2-2-1-0-1-0-2-3-0,-406.72104,97.790504
11,60,2-3-3-0-1-0-1-2-0-1-0-1-0-3-3-2,-442.9629,134.11922
11,61,2-3-3-0-1-0-1-2-2-1-0-0-0-2-3-2,-407.9363,99.09389
11,62,2-3-4-1-1-0-1-2-2-1-0-1-0-4-0-0,-408.2835,99.74708
11,63,2-3-4-0-1-0-1-2-2-1-0-1-1-4-0-0,-407.81946,99.31235
11,64,2-0-3-1-1-0-1-2-2-0-0-1-1-3-3-0,-438.00012,129.64804
11,65,0-0-3-1-1-0-0-2-2-1-0-1-1-3-3-2,-437.85864,129.5195
11,66,0-3-0-0-1-0-1-2-2-1-0-1-1-2-3-2,-367.0512,58.76092
11,67,2-3-2-1-1-0-1-2-2-1-0-1-0-0-3-0,-367.0512,58.76092
11,68,0-0-3-1-1-0-1-2-2-1-0-1-2-2-3-0,-420.24365,112.10993
11,69,2-0-3-1-1-0-0-2-2-1-0-1-0-3-3-2,-440.01627,131.8844
11,70,2-3-3-1-1-0-1-2-2-0-0-1-0-3-0-2,-439.4408,131.3412
11,71,2-3-3-0-1-0-0-2-2-1-0-1-1-3-0-2,-439.40915,131.32979
11,72,0-0-2-2-1-0-1-2-2-1-0-1-1-3-3-0,-420.11676,112.093376
11,73,2-0-3-0-1-0-1-2-2-1-0-1-2-2-3-0,-421.0309,113.20337
11,74,0-3-3-1-1-0-1-2-2-1-0-0-1-4-3-0,-406.44952,98.7439
11,75,2-3-2-0-1-0-0-2-2-1-0-1-1-4-3-0,-415.3472,107.75146
11,76,2-3-2-0-1-0-0-2-2-1-0-1-0-4-3-2,-416.8339,109.243034
11,77,0-0-3-1-1-0-1-1-2-1-0-1-1-3-3-0,-431.35236,123.846664
11,78,0-3-3-1-1-0-1-2-0-1-0-1-1-2-3-0,-423.9956,116.57253
11,79,0-3-2-1-1-0-1-0-2-1-0-1-1-3-3-0,-423.9956,116.57253
11,80,0-3-3-0-1-0-1-0-2-1-0-1-1-2-3-2,-425.47266,118.06442
11,81,2-0-3-0-1-0-1-1-2-1-0-1-1-3-3-0,-432.43073,125.12342
11,82,2-3-3-1-1-0-1-2-0-1-0-1-0-2-3-0,-424.68625,117.44482
11,83,2-3-2-0-1-0-1-0-2-1-0-1-1-3-3-0,-424.7004,117.485985
11,84,0-3-3-1-1-0-1-2-0-1-0-1-0-2-3-2,-424.7004,117.485985
11,85,0-3-3-1-1-0-1-0-2-1-0-1-0-2-3-2,-425.42316,118.22714
11,86,0-3-2-0-1-0-1-2-0-1-0-1-1-3-3-2,-423.82465,116.64844
11,87,2-0-2-1-1-0-1-2-2-1-0-1-1-2-0-0,-394.92175,87.914154
11,88,2-3-4-0-1-0-1-2-2-1-0-1-1-0-3-0,-368.44672,61.54893
11,89,0-3-4-1-1-0-1-2-2-1-0-1-1-0-3-0,-367.24908,60.358387
11,90,2-3-4-1-1-0-1-2-2-1-0-1-0-0-3-0,-368.0356,61.223637
11,91,2-0-2-0-1-0-1-2-2-1-0-1-1-2-0-2,-396.65295,89.85943
11,92,0-3-2-0-1-0-1-2-2-1-0-1-1-3-2-0,-419.3662,112.599014
11,93,2-3-2-1-1-0-0-2-2-1-0-1-1-3-0-0,-420.7518,114.18732
11,94,2-0-2-1-1-0-0-2-2-1-0-1-1-3-3-0,-419.912,113.404396
11,95,0-3-3-1-1-0-0-2-2-1-0-1-1-2-0-2,-421.80063,115.33932
11,96,2-3-3-1-1-0-0-2-2-0-0-1-1-3-3-0,-452.80603,146.5405
11,97,2-0-2-0-1-0-0-2-2-1-0-1-1-3-3-2,-420.43774,114.26984
11,98,2-3-3-0-1-0-1-2-2-1-0-0-1-3-0-2,-414.68677,108.546104
11,99,2-3-4-1-1-0-0-2-2-1-0-1-0-4-3-0,-417.61407,111.50743
11,100,2-3-4-1-1-0-1-2-2-0-0-1-0-4-3-0,-415.46967,109.47561
12,1,0-3-3-1-1-0-1-2-2-1-0-1-1-3-3-0,-433.22534,116.17648
12,2,0-3-3-1-1-0-1-2-2-1-0-1-1-3-3-0,-433.22534,116.17648
12,3,0-3-3-1-1-0-1-2-2-1-0-1-1-3-3-0,-433.22534,116.17648
12,4,2-3-3-1-1-0-1-2-2-1-0-1-0-3-3-0,-434.06183,117.38492
12,5,2-3-3-0-1-0-1-2-2-1-0-1-1-3-3-0,-434.1277,117.46651
12,6,0-3-3-1-1-0-1-2-2-1-0-1-0-3-3-2,-434.1277,117.46651
12,7,2-3-3-0-1-0-1-2-2-1-0-1-0-3-3-2,-435.40063,119.00064
12,8,0-3-3-1-1-0-1-2-2-1-0-1-1-2-3-0,-416.13992,100.62959
12,9,0-3-2-1-1-0-1-2-2-1-0-1-1-3-3-0,-416.13992,100.62959
12,10,0-3-3-0-1-0-1-2-2-1-0-1-1-2-3-2,-417.70483,102.48298
12,11,0-3-3-1-1-0-1-2-2-1-0-1-0-2-3-2,-417.5866,102.42032
12,12,2-3-2-0-1-0-1-2-2-1-0-1-0-3-3-2,-418.70224,103.77857
12,13,0-3-3-1-1-0-1-2-2-1-0-1-1-4-3-0,-417.23187,103.112274
12,14,2-3-4-1-1-0-1-2-2-1-0-1-0-3-3-0,-418.79034,104.84621
12,15,0-3-4-0-1-0-1-2-2-1-0-1-1-3-3-2,-417.82626,104.11288
12,16,2-3-2-1-1-0-1-2-2-1-0-1-0-2-3-0,-400.37097,86.70629
12,17,2-3-2-0-1-0-1-2-2-1-0-1-1-2-3-0,-400.25168,86.60777
12,18,2-3-2-0-1-0-1-2-2-1-0-1-0-2-3-2,-401.94748,88.4232
12,19,0-0-3-1-1-0-1-2-2-1-0-1-1-3-3-2,-423.83694,111.23072
12,20,2-0-3-1-1-0-1-2-2-1-0-1-0-3-3-2,-425.0702,112.81939
12,21,2-3-4-1-1-0-1-2-2-1-0-1-0-2-3-0,-401.39093,89.149254
12,22,0-3-2-1-1-0-1-2-2-1-0-1-0-4-3-2,-401.27148,89.13149
12,23,0-3-3-2-1-0-1-2-2-1-0-1-0-3-3-2,-432.95154,121.152626
12,24,0-3-3-1-1-0-1-2-2-1-0-1-1-2-0-2,-406.50964,95.57705
12,25,2-3-3-1-1-0-1-2-2-1-0-1-0-2-0-2,-408.2942,97.69522
12,26,0-3-3-1-1-0-1-2-2-0-0-1-1-3-3-2,-433.95203,123.41778
12,27,2-3-3-1-1-0-0-2-2-1-0-1-1-3-3-0,-433.95203,123.41778
12,28,0-3-3-1-1-0-0-2-2-1-0-1-1-3-3-2,-432.74512,122.23759
12,29,2-3-3-1-1-0-0-2-2-1-0-1-0-3-3-2,-435.51935,125.256874
12,30,2-3-3-0-1-0-1-2-2-0-0-1-1-3-3-2,-435.51935,125.256874
12,31,2-3-3-1-1-0-1-2-2-0-0-1-0-3-3-2,-434.33002,124.141266
12,32,2-3-3-0-1-0-0-2-2-1-0-1-1-3-3-2,-434.33002,124.141266
12,33,2-3-2-2-1-0-1-2-2-1-0-1-0-3-3-0,-416.42676,106.35719
12,34,0-3-2-0-1-0-1-2-2-1-0-1-2-3-3-2,-415.3748,105.52807
12,35,2-3-3-2-1-0-1-2-2-1-0-1-0-2-3-0,-415.3748,105.52807
12,36,0-3-3-0-1-0-1-1-2-1-0-1-1-3-3-2,-427.09967,117.58991
12,37,2-0-3-1-1-0-1-2-2-1-0-1-1-4-3-0,-407.13287,97.76525
12,38,0-3-3-0-1-0-1-2-2-1-0-1-1-1-3-2,-388.47162,79.29054
12,39,2-0-2-1-1-0-1-2-2-1-0-1-1-2-3-0,-389.00223,79.82895
12,40,0-3-1-1-1-0-1-2-2-1-0-1-1-3-3-0,-385.8086,76.646515
12,41,2-3-1-0-1-0-1-2-2-1-0-1-0-3-3-2,-388.7342,79.72958
12,42,2-3-3-1-1-0-1-2-2-1-0-1-0-1-3-0,-386.01337,77.117546
12,43,0-3-1-0-1-0-1-2-2-1-0-1-1-3-3-2,-386.01337,77.117546
12,44,2-3-2-1-1-0-0-2-2-1-0-1-1-3-3-0,-415.17944,106.39757
12,45,0-3-3-1-1-0-0-2-2-1-0-1-1-2-3-2,-416.65738,107.970825
12,46,2-3-2-1-1-0-1-2-2-0-0-1-1-3-3-0,-416.65738,107.970825
12,47,2-3-3-1-1-0-0-2-2-1-0-1-1-2-3-0,-417.43225,108.77173
12,48,2-3-3-1-0-0-1-2-2-1-0-1-1-3-3-0,-408.07928,99.5043
12,49,2-3-3-1-1-0-0-2-2-1-0-1-0-2-3-2,-419.20453,110.75837
12,50,2-3-2-1-1-0-1-2-2-0-0-1-0-3-3-2,-418.18854,109.789825
12,51,2-3-3-1-1-0-1-2-2-1-0-0-0-3-3-2,-409.51233,101.29491
12,52,2-3-3-0-0-0-1-2-2-1-0-1-1-3-3-2,-409.51233,101.29491
12,53,2-0-3-1-1-0-1-2-2-1-0-1-1-3-0-2,-414.9393,106.88361
12,54,0-3-3-2-1-0-1-2-2-1-0-1-0-4-3-2,-417.03397,109.06293
12,55,0-3-2-1-1-0-1-2-1-1-0-1-1-3-3-0,-408.85916,101.08215
12,56,0-3-3-1-1-0-1-2-2-1-0-1-1-0-3-2,-369.0183,61.326508
12,57,2-3-0-1-1-0-1-2-2-1-0-1-1-3-3-0,-369.0183,61.326508
12,58,2-3-3-0-1-0-1-1-2-1-0-1-1-2-3-0,-410.1499,102.50658
12,59,0-3-2-0-1-0-1-1-2-1-0-1-1-3-3-2,-409.537,101.95663
12,60,2-0-3-1-1-0-1-2-2-1-0-1-2-3-3-0,-422.14075,114.65787
12,61,2-0-3-2-1-0-1-2-2-1-0-1-1-3-3-0,-422.1419,114.697784
12,62,2-3-0-0-1-0-1-2-2-1-0-1-1-3-3-2,-369.61298,62.22837
12,63,2-3-1-1-1-0-1-2-2-1-0-1-0-2-3-0,-370.89426,63.538944
12,64,2-3-2-1-1-0-1-2-2-1-0-1-0-1-3-0,-369.37646,62.239338
12,65,2-0-3-2-1-0-1-2-2-1-0-1-0-3-3-2,-423.7824,116.67996
12,66,2-3-3-0-1-0-1-2-2-1-0-1-2-3-0-2,-423.7824,116.67996
12,67,2-3-3-0-1-0-1-2-2-0-0-1-1-4-3-2,-417.76505,110.72362
12,68,0-3-3-1-1-0-1-0-2-1-0-1-1-3-3-2,-426.51907,119.6582
12,69,0-3-3-1-1-0-1-2-0-1-0-1-1-3-3-2,-425.65204,118.80883
12,70,2-3-2-1-1-0-0-2-2-1-0-1-1-2-3-0,-398.55914,91.78316
12,71,0-3-2-1-1-0-0-2-2-1-0-1-1-2-3-2,-397.00345,90.25572
12,72,0-3-3-1-1-0-1-2-2-1-0-0-1-2-3-2,-390.672,83.93213
12,73,2-3-3-1-1-0-1-2-2-1-0-0-1-2-3-0,-389.53918,82.8508
12,74,2-3-2-1-1-0-1-2-2-1-0-0-1-3-3-0,-390.46912,83.80846
12,75,2-3-3-1-1-0-1-2-0-1-0-1-0-3-3-2,-427.6267,120.991905
12,76,2-3-3-1-1-0-1-0-2-1-0-1-0-3-3-2,-427.70993,121.15915
12,77,2-3-2-0-1-0-0-2-2-1-0-1-1-2-3-2,-398.8621,92.33033
12,78,2-3-2-1-1-0-1-2-2-1-0-0-0-3-3-2,-391.96777,85.501915
12,79,2-3-3-0-0-0-1-2-2-1-0-1-1-2-3-2,-391.96777,85.501915
12,80,0-3-2-1-1-0-1-2-2-1-0-1-2-4-3-0,-398.32452,91.89852
12,81,2-3-3-1-0-0-1-2-2-1-0-1-0-2-3-2,-392.00684,85.61137
12,82,2-3-4-2-1-0-1-2-2-1-0-1-0-2-3-0,-399.77737,93.41388
12,83,0-2-3-1-1-0-1-2-2-1-0-1-1-3-3-0,-420.31207,114.0119
12,84,0-2-3-0-1-0-1-2-2-1-0-1-1-3-3-2,-421.24927,115.007286
12,85,2-2-3-0-1-0-1-2-2-1-0-1-1-3-3-0,-421.4926,115.29155
12,86,0-3-4-1-1-0-1-1-2-1-0-1-1-3-3-0,-409.8241,103.65193
12,87,2-0-3-1-1-0-1-2-2-0-0-1-1-3-3-2,-424.26877,118.415215
12,88,2-3-3-1-1-0-1-2-2-0-0-1-1-3-0-2,-423.76056,117.93645
12,89,2-3-0-1-1-0-1-2-2-1-0-1-1-2-3-0,-351.18942,45.488132
12,90,2-3-0-1-1-0-1-2-2-1-0-1-0-2-3-2,-352.5797,46.8845
12,91,0-3-0-1-1-0-1-2-2-1-0-1-1-2-3-2,-350.16147,44.568413
12,92,0-3-3-2-1-0-1-2-2-1-0-1-1-2-0-2,-404.97726,99.71683
12,93,2-3-3-1-1-0-1-2-2-1-0-1-2-2-0-0,-404.70465,99.44422
12,94,0-3-3-1-1-0-0-2-2-1-0-1-2-3-3-2,-431.3886,126.28052
12,95,0-3-3-2-1-0-1-2-2-0-0-1-1-3-3-2,-432.55463,127.464386
12,96,2-3-3-2-1-0-0-2-2-1-0-1-0-3-3-2,-434.12393,129.10545
12,97,2-3-3-1-1-0-1-2-2-1-0-0-1-4-3-0,-390.57703,85.60402
12,98,0-3-4-1-0-0-1-2-2-1-0-1-1-3-3-2,-390.57703,85.60402
12,99,2-3-4-1-1-0-1-2-2-0-0-1-0-2-3-2,-399.7798,94.83571
12,100,0-3-4-1-1-0-0-2-2-1-0-1-1-2-3-2,-398.15186,93.20805
13,1,2-3-3-1-1-0-1-2-2-1-0-1-1-3-3-0,-418.33234,103.658676
13,2,0-3-3-1-1-0-1-2-2-1-0-1-1-3-3-2,-418.33234,103.658676
13,3,2-3-3-1-1-0-1-2-2-1-0-1-1-3-3-0,-418.33234,103.658676
13,4,0-3-3-1-1-0-1-2-2-1-0-1-1-3-3-2,-418.33234,103.658676
13,5,2-3-3-1-1-0-1-2-2-1-0-1-0-3-3-2,-420.03143,105.73011
13,6,2-3-3-0-1-0-1-2-2-1-0-1-1-3-3-2,-420.03143,105.73011
13,7,2-3-2-1-1-0-1-2-2-1-0-1-1-3-3-0,-401.44824,88.38338
13,8,0-3-3-1-1-0-1-2-2-1-0-1-1-2-3-2,-401.44824,88.38338
13,9,0-3-2-1-1-0-1-2-2-1-0-1-1-3-3-2,-400.7699,87.77295
13,10,2-3-3-1-1-0-1-2-2-1-0-1-1-2-3-0,-400.7699,87.77295
13,11,2-3-2-1-1-0-1-2-2-1-0-1-0-3-3-2,-402.8696,90.117065
13,12,2-3-3-0-1-0-1-2-2-1-0-1-1-2-3-2,-402.8696,90.117065
13,13,2-3-3-1-1-0-1-2-2-1-0-1-0-2-3-2,-402.8161,90.132805
13,14,2-3-4-1-1-0-1-2-2-1-0-1-1-3-3-0,-402.50317,90.849724
13,15,0-3-3-1-1-0-1-2-2-1-0-1-1-4-3-2,-402.50317,90.849724
13,16,2-3-3-1-1-0-1-2-2-1-0-1-1-4-3-0,-401.89417,90.37415
13,17,2-3-4-1-1-0-1-2-2-1-0-1-0-3-3-2,-404.0043,92.60488
13,18,0-3-2-1-1-0-1-2-2-1-0-1-1-2-3-2,-383.7488,72.40427
13,19,2-3-2-1-1-0-1-2-2-1-0-1-1-2-3-0,-383.7488,72.40427
13,20,2-3-3-1-1-0-1-2-2-1-0-1-0-4-3-2,-403.89227,92.67711
13,21,2-3-4-0-1-0-1-2-2-1-0-1-1-3-3-2,-403.89227,92.67711
13,22,2-3-3-1-1-0-1-2-2-1-0-1-1-3-0-2,-409.3934,99.28435
13,23,2-0-3-1-1-0-1-2-2-1-0-1-1-3-3-2,-409.3934,99.28435
13,24,0-3-2-1-1-0-1-2-2-1-0-1-1-4-3-2,-384.75247,74.97409
13,25,2-3-3-1-1-0-1-2-2-1-0-1-2-3-3-0,-417.14,107.40601
13,26,2-3-4-0-1-0-1-2-2-1-0-1-1-2-3-2,-386.46152,76.98159
13,27,2-3-2-1-1-0-1-2-2-1-0-1-0-4-3-2,-386.46152,76.98159
13,28,2-3-3-2-1-0-1-2-2-1-0-1-0-3-3-2,-418.80984,109.477615
13,29,2-3-2-1-1-0-1-2-2-1-0-1-1-3-0-2,-391.78497,83.41897
13,30,2-0-3-1-1-0-1-2-2-1-0-1-1-2-3-2,-391.78497,83.41897
13,31,2-3-3-1-1-0-1-2-2-1-0-1-1-2-0-2,-391.6996,83.34983
13,32,2-0-2-1-1-0-1-2-2-1-0-1-1-3-3-2,-391.6996,83.34983
13,33,2-3-3-1-1-0-1-2-2-0-0-1-1-3-3-2,-419.0459,111.02127
13,34,2-3-3-1-1-0-0-2-2-1-0-1-1-3-3-2,-419.0459,111.02127
13,35,0-3-2-1-1-0-1-2-2-1-0-1-2-3-3-2,-399.40997,91.8046
13,36,2-3-2-1-1-0-1-2-2-1-0-1-2-3-3-0,-400.0134,92.451004
13,37,2-3-3-0-1-0-1-2-2-1-0-1-2-2-3-2,-401.49072,94.086845
13,38,2-3-2-0-1-0-1-2-2-1-0-1-2-3-3-2,-401.38895,94.16627
13,39,0-3-3-1-1-0-1-1-2-1-0-1-1-3-3-2,-411.09567,103.90673
13,40,2-3-3-1-1-0-1-1-2-1-0-1-1-3-3-0,-411.32767,104.155334
13,41,2-3-3-0-1-0-1-1-2-1-0-1-1-3-3-2,-413.0531,106.09546
13,42,2-3-4-1-1-0-1-2-2-1-0-1-1-3-0-2,-392.82944,86.06941
13,43,2-0-4-1-1-0-1-2-2-1-0-1-1-3-3-2,-392.76376,86.021095
13,44,2-3-3-1-1-0-1-2-2-1-0-1-1-4-0-2,-392.76376,86.021095
13,45,0-3-3-1-1-0-1-2-2-1-0-1-1-1-3-2,-371.2501,64.76349
13,46,2-0-2-1-1-0-1-2-2-1-0-1-1-2-3-2,-373.95203,67.49948
13,47,2-3-3-1-1-0-1-2-2-1-0-1-0-1-3-2,-371.931,65.68822
13,48,2-3-2-1-1-0-0-2-2-1-0-1-1-3-3-2,-399.57648,93.45145
13,49,2-3-3-1-1-0-1-2-2-0-0-1-1-2-3-2,-399.57648,93.45145
13,50,2-3-3-1-1-0-0-2-2-1-0-1-1-2-3-2,-402.34515,96.284
13,51,2-3-3-1-0-0-1-2-2-1-0-1-1-3-3-2,-393.3153,87.30017
13,52,2-3-3-1-1-0-1-2-2-1-0-0-1-3-3-2,-393.3153,87.30017
13,53,2-3-4-2-1-0-1-2-2-1-0-1-1-3-3-0,-400.9397,95.0327
13,54,2-3-4-1-1-0-1-2-2-1-0-1-2-3-3-0,-400.78107,95.20133
13,55,2-3-2-0-1-0-1-2-2-1-0-1-2-2-3-2,-383.86597,78.58272
13,56,0-3-3-1-1-0-1-2-1-1-0-1-1-2-3-2,-394.18835,89.01338
13,57,2-3-2-1-1-0-1-2-1-1-0-1-1-3-3-0,-394.02307,88.8667
13,58,2-0-3-1-1-0-1-2-2-1-0-1-2-3-3-2,-408.07056,103.17778
13,59,2-3-3-1-1-0-1-2-2-1-0-1-1-0-3-2,-352.80914,47.987705
13,60,2-3-0-1-1-0-1-2-2-1-0-1-1-3-3-2,-352.80914,47.987705
13,61,2-3-3-1-1-0-1-2-2-1-0-1-2-3-0-2,-408.05563,103.24967
13,62,2-0-3-2-1-0-1-2-2-1-0-1-1-3-3-2,-408.05563,103.24967
13,63,2-3-4-1-1-0-1-2-2-1-0-1-1-2-0-2,-374.96716,70.193954
13,64,2-3-1-1-1-0-1-2-2-1-0-1-1-2-3-0,-353.4277,48.91719
13,65,2-3-3-1-1-0-1-2-2-0-0-1-1-4-3-2,-400.6886,96.3605
13,66,2-3-4-1-1-0-0-2-2-1-0-1-1-3-3-2,-400.6886,96.3605
13,67,2-3-3-1-1-0-1-0-2-1-0-1-1-3-3-2,-411.8402,107.54875
13,68,2-3-3-1-1-0-1-2-0-1-0-1-1-3-3-2,-411.8402,107.54875
13,69,2-3-3-1-0-0-1-2-2-1-0-1-1-2-3-2,-375.21783,71.23804
13,70,2-3-3-1-1-0-1-2-2-1-0-1-1-3-2-0,-405.4806,101.69385
13,71,0-3-4-1-1-0-1-2-1-1-0-1-1-3-3-2,-394.61832,91.19976
13,72,2-3-4-1-1-0-1-2-2-1-0-1-2-2-3-0,-382.87976,79.548164
13,73,2-3-4-0-1-0-1-2-1-1-0-1-1-3-3-2,-396.51535,93.24886
13,74,2-0-4-1-1-0-1-2-2-1-0-1-1-4-3-2,-375.98602,72.87164
13,75,2-3-1-1-1-0-1-2-2-1-0-1-1-4-3-0,-354.46826,51.6104
13,76,2-3-0-1-1-0-1-2-2-1-0-1-1-2-3-2,-335.1266,32.364433
13,77,2-3-3-2-1-0-1-2-2-1-0-1-1-2-0-2,-390.10956,87.5856
13,78,2-3-2-1-1-0-1-2-2-1-0-1-2-3-0-2,-390.1772,87.7369
13,79,2-3-3-1-1-0-0-2-2-1-0-1-2-3-3-2,-417.59344,115.16538
13,80,2-0-3-1-1-0-1-1-2-1-0-1-1-3-3-2,-402.14124,99.742485
13,81,2-3-3-1-1-0-1-2-1-1-0-1-1-3-0-2,-402.14124,99.742485
13,82,2-3-2-1-0-0-1-2-2-1-0-1-1-2-3-2,-356.9309,54.959976
13,83,2-3-2-1-1-0-1-2-2-1-0-0-1-2-3-2,-356.9309,54.959976
13,84,2-2-2-1-1-0-1-2-2-1-0-1-0-3-3-2,-390.08148,88.502945
13,85,2-0-3-1-1-0-1-2-2-1-0-1-1-1-3-2,-360.45486,59.108627
13,86,2-3-3-1-1-0-1-2-2-1-0-1-1-1-0-2,-360.47025,59.15407
13,87,2-3-4-1-1-0-1-2-2-1-0-1-1-0-3-2,-336.11737,35.012714
13,88,2-3-0-1-1-0-1-2-2-1-0-1-1-4-3-2,-336.11737,35.012714
13,89,2-3-3-1-1-0-1-2-2-1-1-1-0-3-3-0,-406.4511,105.83121
13,90,2-0-3-1-1-0-1-2-2-1-0-1-2-4-3-2,-391.0769,90.46258
13,91,0-3-3-1-1-0-1-2-2-1-1-1-1-3-3-0,-404.6803,104.069084
13,92,0-3-3-1-1-1-1-2-2-1-0-1-1-3-3-0,-404.6803,104.069084
13,93,2-3-3-0-1-1-1-2-2-1-0-1-1-3-3-0,-405.88214,105.3928
13,94,2-3-3-0-1-0-1-2-2-1-1-1-1-3-3-0,-405.81332,105.37386
13,95,2-1-3-0-1-0-1-2-2-1-0-1-1-3-3-2,-395.13364,94.70296
13,96,0-1-3-1-1-0-1-2-2-1-0-1-1-3-3-2,-393.51953,93.08912
13,97,2-3-3-2-1-0-1-2-2-1-0-0-1-3-3-2,-391.81497,91.42772
13,98,2-3-3-0-1-1-1-2-2-1-0-1-0-3-3-2,-407.28943,106.94128
13,99,2-3-3-0-1-0-1-2-2-1-1-1-0-3-3-2,-407.28943,106.94128
13,100,2-3-4-1-1-0-1-2-0-1-0-1-1-3-3-2,-394.82837,94.50555
14,1,2-3-3-1-1-0-1-2-2-1-0-1-1-3-3-2,-404.16833,91.93096
14,2,2-3-3-1-1-0-1-2-2-1-0-1-1-3-3-2,-404.16833,91.93096
14,3,2-3-3-1-1-0-1-2-2-1-0-1-1-3-3-2,-404.16833,91.93096
14,4,2-3-2-1-1-0-1-2-2-1-0-1-1-3-3-2,-386.3937,75.87528
14,5,2-3-3-1-1-0-1-2-2-1-0-1-1-2-3-2,-386.3937,75.87528
14,6,2-3-4-1-1-0-1-2-2-1-0-1-1-3-3-2,-387.49643,78.51088
14,7,2-3-2-1-1-0-1-2-2-1-0-1-1-2-3-2,-368.515,59.80275
14,8,2-3-3-2-1-0-1-2-2-1-0-1-1-3-3-2,-402.91428,95.77112
14,9,2-3-3-1-1-0-1-2-2-1-0-1-2-3-3-2,-402.91428,95.77112
14,10,2-3-4-1-1-0-1-2-2-1-0-1-1-2-3-2,-369.53146,62.517834
14,11,2-3-2-2-1-0-1-2-2-1-0-1-1-3-3-2,-384.9495,79.98334
14,12,2-3-2-1-1-0-1-2-2-1-0-1-2-3-3-2,-384.89758,80.02974
14,13,2-3-3-1-1-0-1-2-1-1-0-1-1-3-3-2,-397.02252,92.39276
14,14,2-3-1-1-1-0-1-2-2-1-0-1-1-3-3-2,-355.10315,51.507706
14,15,2-3-3-1-1-0-1-2-2-1-0-1-2-4-3-2,-385.81396,82.84025
14,16,2-3-3-2-1-0-1-2-2-1-0-1-1-4-3-2,-385.69763,82.961975
14,17,2-3-2-2-1-0-1-2-2-1-0-1-1-2-3-2,-366.81052,64.247574
14,18,2-3-2-1-1-0-1-2-2-1-0-1-1-1-3-2,-337.40475,35.880386
14,19,2-2-3-1-1-0-1-2-2-1-0-1-1-3-3-2,-391.35403,90.17551
14,20,2-3-3-1-1-0-1-2-1-1-0-1-1-4-3-2,-379.99435,79.32719
14,21,2-3-2-1-1-0-1-2-1-1-0-1-1-2-3-2,-360.85477,60.587498
14,22,2-3-3-2-1-0-1-2-1-1-0-1-1-3-3-2,-395.47,96.51362
14,23,2-3-2-1-1-0-1-2-2-1-0-1-1-3-2-2,-373.2237,74.36251
14,24,2-3-3-1-1-0-1-2-1-1-0-1-2-3-3-2,-395.42984,96.59412
14,25,2-3-3-1-1-0-1-2-2-1-1-1-1-3-3-0,-390.07977,92.037506
14,26,0-3-3-1-1-1-1-2-2-1-0-1-1-3-3-2,-390.07977,92.037506
14,27,2-3-3-1-1-0-1-2-2-1-1-1-0-3-3-2,-391.84174,93.91977
14,28,0-3-3-1-1-0-1-2-2-1-1-1-1-3-3-2,-389.6439,91.7318
14,29,2-3-3-1-1-1-1-2-2-1-0-1-1-3-3-0,-389.6439,91.7318
14,30,2-3-3-0-1-0-1-2-2-1-1-1-1-3-3-2,-391.0668,93.31657
14,31,2-3-3-1-1-1-1-2-2-1-0-1-0-3-3-2,-391.0668,93.31657
14,32,2-3-3-1-1-0-1-2-2-1-0-2-1-2-3-2,-387.08856,89.91301
14,33,2-3-3-1-1-0-1-2-2-1-0-1-1-3-3-3,-392.4607,95.451866
14,34,3-3-3-1-1-0-1-2-2-1-0-1-1-3-3-2,-392.4607,95.451866
14,35,2-2-2-1-1-0-1-2-2-1-0-1-1-2-3-2,-355.1369,58.501152
14,36,2-3-3-1-1-0-1-2-2-1-0-1-2-1-3-2,-352.85736,56.406555
14,37,2-3-3-1-1-0-1-2-2-2-0-1-1-3-3-2,-404.65167,108.380974
14,38,2-3-3-1-1-0-2-2-2-1-0-1-1-3-3-2,-404.65167,108.380974
14,39,2-3-2-1-1-0-1-2-1-1-0-1-2-3-3-2,-377.17447,81.05967
14,40,2-3-2-1-1-0-1-2-2-1-1-1-0-3-3-2,-374.1013,78.38441
14,41,0-3-2-1-1-1-1-2-2-1-0-1-1-3-3-2,-372.3358,76.696495
14,42,0-3-3-1-1-0-1-2-2-1-1-1-1-2-3-2,-372.6032,76.97874
14,43,2-3-2-1-1-1-1-2-2-1-0-1-1-3-3-0,-372.6032,76.97874
14,44,2-3-2-1-1-0-1-2-2-1-1-1-1-3-3-0,-372.35208,76.73294
14,45,0-3-3-1-1-1-1-2-2-1-0-1-1-2-3-2,-372.35208,76.73294
14,46,2-3-3-0-1-0-1-2-2-1-1-1-1-2-3-2,-373.90747,78.325554
14,47,0-3-2-1-1-0-1-2-2-1-1-1-1-3-3-2,-371.39294,75.92131
14,48,2-3-2-0-1-0-1-2-2-1-1-1-1-3-3-2,-373.07605,77.68501
14,49,2-3-3-1-1-1-1-2-2-1-0-1-0-2-3-2,-373.07605,77.68501
14,50,2-1-2-1-1-0-1-2-2-1-0-1-1-3-3-2,-361.3825,66.03922
14,51,2-3-4-1-1-0-1-2-2-1-0-2-1-3-3-2,-387.70792,92.44086
14,52,2-3-2-1-1-0-1-2-2-1-0-1-1-3-1-2,-361.27295,66.02034
14,53,2-3-2-1-1-0-1-2-2-1-0-2-1-2-3-2,-369.22513,74.18802
14,54,2-3-4-1-1-0-1-2-2-1-0-1-1-2-2-2,-356.0705,61.316593
14,55,2-3-3-1-1-0-1-2-2-1-0-1-3-3-3-2,-384.6577,90.084305
14,56,2-3-3-4-1-0-1-2-2-1-0-1-1-3-3-2,-365.86548,71.95845
14,57,2-3-3-0-1-0-1-2-2-1-1-1-1-4-3-2,-374.76202,80.97195
14,58,2-3-4-1-1-1-1-2-2-1-0-1-0-3-3-2,-374.76202,80.97195
14,59,2-3-3-2-1-0-1-2-1-1-0-1-1-4-3-2,-377.83936,84.12594
14,60,2-3-4-0-1-1-1-2-2-1-0-1-1-3-3-2,-375.45337,81.78224
14,61,2-3-4-1-1-0-1-2-2-1-1-1-1-3-3-0,-373.17548,79.58806
14,62,0-3-3-1-1-0-1-2-2-1-1-1-1-4-3-2,-373.32056,79.76104
14,63,0-3-4-1-1-1-1-2-2-1-0-1-1-3-3-2,-373.0697,79.563896
14,64,2-3-3-1-1-1-1-2-2-1-0-1-0-4-3-2,-373.99127,80.50329
14,65,2-3-2-1-1-0-1-2-2-2-0-1-1-3-3-2,-386.64334,93.1818
14,66,2-3-2-1-1-1-1-2-2-1-0-1-0-2-3-2,-355.99628,62.67555
14,67,2-3-2-0-1-0-1-2-2-1-1-1-1-2-3-2,-355.99628,62.67555
14,68,2-3-3-1-1-0-1-2-2-1-0-2-2-3-3-2,-402.8136,109.53477
14,69,0-3-2-1-1-1-1-2-2-1-0-1-1-2-3-2,-354.75443,61.495415
14,70,0-3-2-1-1-0-1-2-2-1-1-1-1-2-3-2,-354.41998,61.226185
14,71,2-3-3-1-1-0-1-1-2-1-0-1-1-3-2-2,-384.01633,91.02726
14,72,2-1-2-1-1-0-1-2-2-1-0-1-1-2-3-2,-343.12372,50.18208
14,73,2-3-3-1-1-0-1-2-2-1-1-1-1-3-0-2,-380.5595,87.62955
14,74,2-0-3-1-1-1-1-2-2-1-0-1-1-3-3-2,-380.5595,87.62955
14,75,2-0-3-1-1-0-1-2-2-1-1-1-1-3-3-2,-379.96042,87.14156
14,76,2-3-3-1-1-1-1-2-2-1-0-1-1-3-0-2,-379.96042,87.14156
14,77,2-2-2-1-1-0-1-2-2-1-0-1-2-3-3-2,-371.40005,79.00478
14,78,2-3-3-1-1-0-1-2-2-1-0-1-2-2-2-2,-371.29086,79.013985
14,79,2-3-3-0-1-2-1-2-2-1-0-1-1-3-3-2,-376.16202,83.998146
14,80,2-3-3-1-1-0-1-2-2-1-2-1-0-3-3-2,-376.16202,83.998146
14,81,0-3-3-1-1-2-1-2-2-1-0-1-1-3-3-2,-374.31427,82.20593
14,82,2-3-3-1-1-0-1-2-2-1-2-1-1-3-3-0,-374.31427,82.20593
14,83,2-3-2-1-1-0-1-2-2-1-0-1-2-3-2-2,-371.11093,79.09814
14,84,0-3-3-1-1-0-1-2-2-1-2-1-1-3-3-2,-373.58624,81.65214
14,85,2-3-3-1-1-2-1-2-2-1-0-1-0-3-3-2,-375.07376,83.192375
14,86,2-3-3-0-1-1-1-2-2-1-0-1-2-3-3-2,-390.00842,98.22126
14,87,2-3-3-2-1-0-1-2-2-1-1-1-0-3-3-2,-390.00842,98.22126
14,88,2-3-2-3-1-0-1-2-2-1-0-1-1-3-3-2,-366.1283,74.410194
14,89,2-3-4-1-1-1-1-2-2-1-0-1-0-2-3-2,-356.8365,65.35383
14,90,2-3-3-1-1-0-1-2-2-1-1-1-2-3-3-0,-388.09915,96.663704
14,91,2-3-3-0-1-0-1-2-2-1-1-1-2-3-3-2,-389.1938,97.78042
14,92,2-3-2-1-1-0-1-2-2-1-1-1-0-4-3-2,-357.7411,66.35867
14,93,2-3-3-2-1-1-1-2-2-1-0-1-1-3-3-0,-387.68613,96.311295
14,94,2-3-2-1-1-1-1-2-2-1-0-1-0-4-3-2,-356.83713,65.52083
14,95,2-2-3-1-1-0-1-2-2-1-0-1-1-1-3-2,-341.50873,50.20795
14,96,2-3-4-1-1-0-1-2-2-1-1-1-1-2-3-0,-355.51385,64.33368
14,97,2-3-2-1-1-0-3-2-2-1-0-1-1-3-3-2,-383.40833,92.2343
14,98,2-3-4-1-1-0-1-2-2-1-0-1-1-2-1-2,-344.0269,53.037395
14,99,2-3-2-1-1-0-1-2-2-2-0-1-1-2-3-2,-367.757,76.85018
14,100,2-3-3-1-1-0-1-2-2-1-1-1-1-2-0-2,-362.90717,72.497856
15,1,2-3-3-1-1-1-1-2-2-1-0-1-1-3-3-2,-375.36188,80.124176
15,2,2-3-3-1-1-1-1-2-2-1-0-1-1-3-3-2,-375.36188,80.124176
15,3,2-3-3-1-1-1-1-2-2-1-0-1-1-3-3-2,-375.36188,80.124176
15,4,2-3-3-1-1-0-1-2-2-1-1-1-1-3-3-2,-375.36188,80.124176
15,5,2-3-2-1-1-1-1-2-2-1-0-1-1-3-3-2,-357.68454,64.93348
15,6,2-3-3-1-1-0-1-2-2-1-1-1-1-2-3-2,-357.68454,64.93348
15,7,2-3-3-1-1-1-1-2-2-1-0-1-1-2-3-2,-357.0665,64.366425
15,8,2-3-3-1-1-1-1-2-2-1-0-1-1-4-3-2,-357.90945,67.29175
15,9,2-3-4-1-1-1-1-2-2-1-0-1-1-3-3-2,-358.3995,67.82551
15,10,2-3-3-1-1-0-1-2-2-1-1-1-1-4-3-2,-358.3995,67.82551
15,11,2-3-2-1-1-1-1-2-2-1-0-1-1-2-3-2,-339.5219,49.296795
15,12,2-3-2-1-1-0-1-2-2-1-1-1-1-2-3-2,-339.5219,49.296795
15,13,2-3-3-1-1-1-1-2-2-1-0-1-2-3-3-2,-373.27695,84.73605
15,14,2-3-3-2-1-0-1-2-2-1-1-1-1-3-3-2,-373.27695,84.73605
15,15,2-3-3-2-1-1-1-2-2-1-0-1-1-3-3-2,-373.26712,84.846436
15,16,2-3-3-1-1-0-1-2-2-1-1-1-2-3-3-2,-373.26712,84.846436
15,17,2-3-4-1-1-0-1-2-2-1-1-1-1-2-3-2,-340.3137,52.210453
15,18,2-3-4-1-1-1-1-2-2-1-0-1-1-2-3-2,-340.25095,52.17729
15,19,2-3-2-1-1-0-1-2-2-1-1-1-1-4-3-2,-340.25095,52.17729
15,20,2-3-3-1-1-0-1-2-1-1-1-1-1-3-3-2,-367.6949,81.039
15,21,2-3-3-1-1-1-1-1-2-1-0-1-1-3-3-2,-367.6949,81.039
15,22,2-3-3-1-1-1-1-2-1-1-0-1-1-3-3-2,-367.6347,81.13233
15,23,2-3-3-1-1-0-1-1-2-1-1-1-1-3-3-2,-367.6347,81.13233
15,24,2-3-3-1-1-0-1-2-2-1-2-1-1-2-3-2,-341.8911,55.39977
15,25,2-3-2-1-1-2-1-2-2-1-0-1-1-3-3-2,-341.8911,55.39977
15,26,2-3-2-1-1-0-1-2-2-1-2-1-1-3-3-2,-340.99197,54.50662
15,27,2-3-4-1-1-1-1-2-2-1-0-1-1-4-3-2,-341.06516,55.08857
15,28,2-3-2-2-1-0-1-2-2-1-1-1-1-3-3-2,-354.80746,69.13705
15,29,2-3-2-1-1-1-1-2-2-1-0-1-2-3-3-2,-355.40366,69.77856
15,30,2-3-3-2-1-1-1-2-2-1-0-1-1-2-3-2,-354.70508,69.39965
15,31,2-3-3-1-1-1-1-2-2-1-0-1-1-1-3-2,-325.0765,40.504433
15,32,2-3-1-1-1-1-1-2-2-1-0-1-1-3-3-2,-326.5305,42.075104
15,33,2-3-3-1-1-3-1-2-2-1-0-1-1-3-3-2,-345.45343,61.088158
15,34,2-3-3-1-1-2-1-2-2-1-0-1-1-4-3-2,-341.7673,57.48499
15,35,2-3-4-1-1-0-1-2-2-1-2-1-1-3-3-2,-341.7673,57.48499
15,36,2-3-4-1-1-2-1-2-2-1-0-1-1-3-3-2,-342.53302,58.29252
15,37,2-3-2-1-1-0-1-2-2-1-2-1-1-2-3-2,-323.65762,39.89219
15,38,2-3-3-1-1-1-1-2-2-1-0-1-2-4-3-2,-355.5023,72.201706
15,39,2-3-4-2-1-0-1-2-2-1-1-1-1-3-3-2,-355.5023,72.201706
15,40,2-3-3-2-1-0-1-2-2-1-1-1-1-4-3-2,-355.96158,72.827194
15,41,2-3-3-1-1-0-1-2-2-1-1-1-2-4-3-2,-355.9357,72.99397
15,42,2-3-4-2-1-1-1-2-2-1-0-1-1-3-3-2,-355.9357,72.99397
15,43,2-2-3-1-1-1-1-2-2-1-0-1-1-3-3-2,-361.9829,79.08663
15,44,2-3-3-1-1-0-1-2-2-1-1-1-1-3-2-2,-361.9829,79.08663
15,45,2-3-3-2-1-1-1-2-2-1-0-1-1-4-3-2,-355.35693,72.501595
15,46,2-3-3-1-1-1-1-2-2-1-0-1-1-3-2-2,-362.26157,79.795525
15,47,2-3-2-2-1-1-1-2-2-1-0-1-1-2-3-2,-336.967,54.587906
15,48,2-3-2-1-1-1-1-2-2-1-0-1-1-1-3-2,-307.74863,25.525059
15,49,2-3-2-1-1-0-1-2-2-1-1-1-1-1-3-2,-308.45084,26.522501
15,50,2-3-1-1-1-1-1-2-2-1-0-1-1-2-3-2,-308.45084,26.522501
15,51,2-3-3-1-1-3-1-2-2-1-0-1-1-2-3-2,-327.04996,45.45263
15,52,2-3-2-1-1-2-1-2-2-1-0-1-1-4-3-2,-324.41956,42.864563
15,53,2-3-3-1-1-0-1-2-1-1-1-1-1-4-3-2,-350.4455,68.89742
15,54,2-3-2-1-1-3-1-2-2-1-0-1-1-3-3-2,-328.07956,46.534985
15,55,2-3-3-1-1-0-1-2-2-1-3-1-1-2-3-2,-328.07956,46.534985
15,56,2-3-3-1-1-1-1-2-2-1-0-2-1-3-3-2,-375.52734,94.407196
15,57,2-3-2-1-1-0-1-2-1-1-1-1-1-2-3-2,-331.47174,50.396873
15,58,2-3-2-1-1-1-1-1-2-1-0-1-1-2-3-2,-331.47174,50.396873
15,59,2-3-3-1-2-1-1-2-2-1-0-1-1-3-3-2,-375.0362,94.20829
15,60,2-3-3-1-1-0-1-2-1-1-2-1-1-3-3-2,-351.75015,71.36403
15,61,2-3-4-2-1-0-1-2-2-1-1-1-1-2-3-2,-337.68274,57.42704
15,62,2-3-2-2-1-0-1-2-2-1-1-1-1-4-3-2,-337.5748,57.417084
15,63,2-3-3-1-1-2-1-2-1-1-0-1-1-3-3-2,-351.58502,71.43213
15,64,2-3-1-1-1-1-1-2-2-1-0-1-1-4-3-2,-309.37302,29.273008
15,65,2-2-3-1-1-1-1-2-2-1-0-1-1-2-3-2,-343.47293,63.465485
15,66,2-3-2-1-1-0-1-2-2-1-1-1-1-3-2-2,-343.47293,63.465485
15,67,2-2-3-1-1-0-1-2-2-1-1-1-1-2-3-2,-344.2475,64.58037
15,68,2-3-3-1-1-1-1-2-2-1-0-1-1-2-2-2,-343.8562,64.264885
15,69,2-3-4-1-1-0-1-2-2-1-2-1-1-4-3-2,-325.05878,45.708206
15,70,2-3-3-0-1-1-1-2-2-1-1-1-1-3-3-2,-363.4488,84.19007
15,71,2-3-3-1-1-1-1-2-2-1-1-1-0-3-3-2,-363.4488,84.19007
15,72,2-1-3-1-1-1-1-2-2-1-0-1-1-3-3-2,-350.30334,71.12047
15,73,0-3-3-1-1-1-1-2-2-1-1-1-1-3-3-2,-361.49188,82.582924
15,74,2-3-2-1-1-0-1-2-2-1-3-1-1-2-3-2,-309.8128,31.072598
15,75,2-3-3-1-1-1-1-2-2-1-0-1-1-3-1-2,-350.9681,72.26659
15,76,2-1-3-1-1-0-1-2-2-1-1-1-1-3-3-2,-350.9681,72.26659
15,77,2-3-3-1-1-0-1-2-2-1-2-1-2-2-3-2,-339.3446,60.65395
15,78,2-3-2-1-1-0-1-2-1-1-1-1-1-4-3-2,-332.07275,53.393154
15,79,2-3-3-1-1-1-1-2-2-1-0-1-1-3-3-3,-362.8944,84.62079
15,80,2-3-1-1-1-0-1-2-2-1-2-1-1-3-3-2,-309.23416,31.007303
15,81,2-3-3-1-1-0-1-2-2-1-2-1-1-1-3-2,-311.32513,33.364933
15,82,2-2-4-1-1-1-1-2-2-1-0-1-1-3-3-2,-344.70862,66.87061
15,83,2-3-4-1-1-0-1-2-2-1-1-1-1-3-2-2,-344.20093,66.48393
15,84,3-3-3-1-1-1-1-2-2-1-0-1-1-3-3-2,-362.47696,84.80826
15,85,2-3-3-1-1-2-1-1-2-1-0-1-1-2-3-2,-333.2208,55.747337
15,86,2-3-3-1-1-0-1-2-1-1-2-1-1-2-3-2,-334.03778,56.61088
15,87,2-2-4-1-1-0-1-2-2-1-1-1-1-3-3-2,-344.6019,67.223946
15,88,2-3-2-2-1-0-1-2-2-1-1-1-2-3-3-2,-351.92557,74.6983
15,89,2-3-3-1-1-2-1-2-1-1-0-1-1-2-3-2,-332.90015,55.7734
15,90,2-3-3-1-1-0-1-2-2-1-3-1-2-3-3-2,-342.9848,66.15382
15,91,2-2-2-1-1-0-1-2-2-1-1-1-1-2-3-2,-325.9718,49.16261
15,92,2-3-2-1-1-1-1-2-2-1-0-1-1-2-2-2,-325.9718,49.16261
15,93,2-3-3-1-1-2-1-2-2-1-0-1-2-4-3-2,-339.22244,62.49096
15,94,2-2-3-1-1-2-1-2-2-1-0-1-1-3-3-2,-346.2077,69.494774
15,95,2-3-3-1-1-1-1-2-2-1-0-1-2-1-3-2,-322.3567,45.75033
15,96,2-3-3-0-1-1-1-2-2-1-1-1-1-2-3-2,-345.93604,69.39051
15,97,2-3-2-1-1-1-1-2-2-1-1-1-0-3-3-2,-345.93604,69.39051
15,98,2-3-2-1-1-3-1-2-2-1-0-1-1-4-3-2,-310.52127,34.0321
15,99,2-3-4-1-1-2-1-2-2-1-0-1-2-3-3-2,-339.88397,63.402885
15,100,2-1-2-1-1-1-1-2-2-1-0-1-1-3-3-2,-332.46838,56.15431
16,1,2-3-3-1-1-1-1-2-2-1-1-1-1-3-3-2,-346.9582,71.10949
16,2,2-3-3-1-1-1-1-2-2-1-1-1-1-3-3-2,-346.9582,71.10949
16,3,2-3-3-1-1-1-1-2-2-1-1-1-1-3-3-2,-346.9582,71.10949
16,4,2-3-3-1-1-1-1-2-2-1-1-1-1-2-3-2,-328.84412,55.989803
16,5,2-3-2-1-1-1-1-2-2-1-1-1-1-3-3-2,-328.84412,55.989803
16,6,2-3-3-1-1-1-1-2-2-1-1-1-1-4-3-2,-329.58102,58.911583
16,7,2-3-4-1-1-1-1-2-2-1-1-1-1-3-3-2,-329.58102,58.911583
16,8,2-3-2-1-1-1-1-2-2-1-1-1-1-2-3-2,-311.0002,41.078037
16,9,2-3-3-1-1-1-1-2-2-1-2-1-1-3-3-2,-331.9638,62.620018
16,10,2-3-3-1-1-2-1-2-2-1-1-1-1-3-3-2,-331.9638,62.620018
16,11,2-3-3-2-1-1-1-2-2-1-1-1-1-3-3-2,-344.41617,76.205925
16,12,2-3-4-1-1-1-1-2-2-1-1-1-1-2-3-2,-311.71124,43.946873
16,13,2-3-2-1-1-1-1-2-2-1-1-1-1-4-3-2,-311.71124,43.946873
16,14,2-3-3-1-1-1-1-2-1-1-1-1-1-3-3-2,-338.89227,72.40672
16,15,2-3-3-1-1-1-1-1-2-1-1-1-1-3-3-2,-338.89227,72.40672
16,16,2-3-3-1-1-2-1-2-2-1-1-1-1-2-3-2,-313.80283,47.508156
16,17,2-3-2-1-1-1-1-2-2-1-2-1-1-3-3-2,-313.80283,47.508156
16,18,2-3-3-1-1-1-1-2-2-1-2-1-1-2-3-2,-314.06506,47.781464
16,19,2-3-2-1-1-2-1-2-2-1-1-1-1-3-3-2,-314.06506,47.781464
16,20,2-3-4-1-1-1-1-2-2-1-1-1-1-4-3-2,-312.5162,46.734882
16,21,2-3-2-2-1-1-1-2-2-1-1-1-1-3-3-2,-326.20126,61.263687
16,22,2-3-3-2-1-1-1-2-2-1-1-1-1-2-3-2,-326.10754,61.343887
16,23,2-3-2-1-1-1-1-2-2-1-1-1-2-3-3-2,-326.10754,61.343887
16,24,2-3-1-1-1-1-1-2-2-1-1-1-1-3-3-2,-297.689,32.981327
16,25,2-3-3-1-1-1-1-2-2-1-1-1-1-1-3-2,-297.689,32.981327
16,26,2-3-3-1-1-1-1-2-2-1-3-1-1-3-3-2,-318.78046,54.400272
16,27,2-3-3-1-1-3-1-2-2-1-1-1-1-3-3-2,-318.78046,54.400272
16,28,2-3-3-1-1-2-1-2-2-1-1-1-1-4-3-2,-314.5689,50.426342
16,29,2-3-4-1-1-1-1-2-2-1-2-1-1-3-3-2,-314.5689,50.426342
16,30,2-3-4-1-1-2-1-2-2-1-1-1-1-3-3-2,-314.7728,50.65979
16,31,2-3-3-1-1-1-1-2-2-1-2-1-1-4-3-2,-314.7728,50.65979
16,32,2-3-3-1-1-1-1-1-2-1-1-1-1-2-3-2,-320.6826,57.340706
16,33,2-3-2-1-1-1-1-2-1-1-1-1-1-3-3-2,-320.6826,57.340706
16,34,2-3-2-1-1-1-1-2-2-1-2-1-1-2-3-2,-296.11185,32.811043
16,35,2-3-2-1-1-1-1-1-2-1-1-1-1-3-3-2,-320.61304,57.31825
16,36,2-3-3-1-1-2-1-2-2-1-2-1-1-3-3-2,-317.62592,54.78352
16,37,2-3-3-1-1-1-1-2-2-1-1-1-1-3-2-2,-333.65256,70.85873
16,38,2-2-3-1-1-1-1-2-2-1-1-1-1-3-3-2,-333.65256,70.85873
16,39,2-3-4-2-1-1-1-2-2-1-1-1-1-3-3-2,-326.7997,64.301765
16,40,2-3-3-1-1-1-1-2-2-1-1-1-2-4-3-2,-326.7997,64.301765
16,41,2-3-2-1-1-1-1-2-2-1-1-1-1-1-3-2,-280.34122,17.982368
16,42,2-3-1-1-1-1-1-2-2-1-1-1-1-2-3-2,-280.34122,17.982368
16,43,2-3-3-2-1-1-1-2-2-1-1-1-1-4-3-2,-326.6215,64.46487
16,44,2-3-4-1-1-1-1-2-2-1-1-1-2-3-3-2,-326.6215,64.46487
16,45,2-3-3-1-1-2-1-2-2-1-1-1-2-3-3-2,-329.43384,67.67929
16,46,2-3-3-2-1-1-1-2-2-1-2-1-1-3-3-2,-329.43384,67.67929
16,47,2-3-3-1-1-1-1-2-2-1-2-1-2-3-3-2,-329.3948,67.748825
16,48,2-3-3-2-1-2-1-2-2-1-1-1-1-3-3-2,-329.3948,67.748825
16,49,2-3-2-1-1-1-1-2-2-1-1-1-2-2-3-2,-308.15128,46.625145
16,50,2-3-2-2-1-1-1-2-2-1-1-1-1-2-3-2,-308.15128,46.625145
16,51,2-3-2-1-1-1-1-2-2-1-3-1-1-3-3-2,-300.65433,39.29776
16,52,2-3-3-1-1-3-1-2-2-1-1-1-1-2-3-2,-300.65433,39.29776
16,53,2-3-3-1-1-1-1-2-2-1-3-1-1-2-3-2,-301.21146,39.891502
16,54,2-3-2-1-1-3-1-2-2-1-1-1-1-3-3-2,-301.21146,39.891502
16,55,2-3-4-1-1-1-1-2-2-1-2-1-1-2-3-2,-296.87985,35.62473
16,56,2-3-4-1-1-2-1-2-2-1-1-1-1-2-3-2,-296.83133,35.608585
16,57,2-3-4-1-1-1-1-2-1-1-1-1-1-3-3-2,-321.34937,60.350002
16,58,2-3-3-1-1-1-1-1-2-1-1-1-1-4-3-2,-321.34937,60.350002
16,59,2-3-4-1-1-1-1-1-2-1-1-1-1-3-3-2,-321.17236,60.38712
16,60,2-3-3-1-1-1-1-2-2-1-1-2-1-3-3-2,-346.4412,85.693985
16,61,2-3-3-1-2-1-1-2-2-1-1-1-1-3-3-2,-346.4412,85.693985
16,62,2-3-4-1-1-1-1-2-2-1-1-1-1-1-3-2,-281.23917,20.5811
16,63,2-3-1-1-1-1-1-2-2-1-1-1-1-4-3-2,-281.23917,20.5811
16,64,2-3-2-1-1-1-1-1-2-1-1-1-1-2-3-2,-302.63742,42.538002
16,65,2-3-2-1-1-1-1-2-1-1-1-1-1-2-3-2,-302.63742,42.538002
16,66,2-3-3-1-1-2-1-1-2-1-1-1-1-3-3-2,-323.9936,63.97409
16,67,2-3-3-1-1-2-1-2-1-1-1-1-1-3-3-2,-323.9354,63.987186
16,68,2-3-2-1-1-2-1-2-2-1-2-1-1-3-3-2,-299.76266,39.943703
16,69,2-3-3-1-1-2-1-2-2-1-2-1-1-2-3-2,-299.76266,39.943703
16,70,2-2-2-1-1-1-1-2-2-1-1-1-1-3-3-2,-315.50125,55.89947
16,71,2-2-3-1-1-1-1-2-2-1-1-1-1-2-3-2,-315.33917,55.78027
16,72,2-3-4-1-1-1-1-2-2-1-2-1-1-4-3-2,-297.7246,38.292717
16,73,2-3-4-1-1-2-1-2-2-1-1-1-1-4-3-2,-297.7246,38.292717
16,74,2-3-4-1-1-1-1-2-2-1-3-1-1-3-3-2,-301.38315,42.17653
16,75,2-3-4-1-1-3-1-2-2-1-1-1-1-3-3-2,-301.90103,42.71197
16,76,2-3-3-1-1-1-1-2-2-1-3-1-1-4-3-2,-301.90103,42.71197
16,77,2-3-2-1-1-1-1-2-2-1-1-1-2-4-3-2,-308.7453,49.602962
16,78,2-3-4-2-1-1-1-2-2-1-1-1-1-2-3-2,-308.7453,49.602962
16,79,2-1-3-1-1-1-1-2-2-1-1-1-1-3-3-2,-322.37985,63.267677
16,80,2-3-3-1-1-1-1-2-2-1-1-1-1-3-1-2,-322.37985,63.267677
16,81,2-3-2-2-1-1-1-2-2-1-1-1-1-4-3-2,-308.66736,49.677868
16,82,2-3-3-2-1-1-1-2-1-1-1-1-1-3-3-2,-336.28522,77.56607
16,83,2-3-3-1-1-1-1-1-2-1-1-1-2-3-3-2,-336.28522,77.56607
16,84,2-3-3-2-1-1-1-1-2-1-1-1-1-3-3-2,-336.29694,77.60081
16,85,2-3-3-1-1-1-1-2-1-1-1-1-2-3-3-2,-336.29694,77.60081
16,86,2-3-1-1-1-1-1-2-2-1-2-1-1-3-3-2,-283.08142,24.609713
16,87,2-3-2-2-1-1-1-2-2-1-2-1-1-3-3-2,-311.1606,52.70061
16,88,2-3-2-1-1-3-1-2-2-1-1-1-1-2-3-2,-283.40106,25.028673
16,89,2-3-2-1-1-1-1-2-2-1-3-1-1-2-3-2,-283.40106,25.028673
16,90,2-3-3-1-1-1-1-2-2-1-2-1-1-1-3-2,-283.844,25.48203
16,91,2-3-1-1-1-2-1-2-2-1-1-1-1-3-3-2,-283.844,25.48203
16,92,2-3-3-1-1-1-1-2-2-1-2-1-2-2-3-2,-311.38336,53.085205
16,93,2-3-3-2-1-1-1-2-2-1-2-1-1-2-3-2,-311.3354,53.111217
16,94,2-3-3-2-1-2-1-2-2-1-1-1-1-2-3-2,-311.05048,52.911316
16,95,2-3-2-1-1-1-1-2-2-1-2-1-2-3-3-2,-311.05048,52.911316
16,96,2-3-3-1-1-2-1-2-2-1-3-1-1-3-3-2,-305.0941,47.130856
16,97,2-3-2-1-1-1-1-1-2-1-1-1-1-4-3-2,-303.26935,45.471996
16,98,2-3-3-1-1-2-1-2-2-1-2-1-1-4-3-2,-300.47293,42.797344
16,99,2-3-2-1-2-1-1-2-2-1-1-1-1-3-3-2,-328.72415,71.094154
16,100,2-3-3-1-1-1-1-2-2-1-1-1-1-4-2-2,-316.2205,58.82241
