Pos1,Pos2,Pos3,Pos4,Pos5,Pos6,Pos7,Pos8,Pos9,Pos10,Pos11,Pos12,Pos13,Pos14,Pos15,Pos16,target
0,0,0,0,0,0,0,0,0,1,4,0,0,0,0,0,-0.6736273458216451
0,2,0,0,0,4,0,0,0,0,0,3,0,0,0,0,-0.4198297763371935
0,0,0,0,0,0,0,3,0,0,3,3,4,2,0,0,0.10617969732617613
0,4,0,4,0,0,0,0,0,0,0,2,0,0,3,3,0.8539618105705934
0,0,0,0,0,0,0,0,0,0,0,0,0,2,4,0,-0.8921974924123601
4,2,0,2,0,0,0,0,4,0,0,0,3,0,4,0,1.2430647088969198
0,0,0,0,0,0,0,2,1,0,0,0,0,0,3,3,0.437637721826378
0,0,0,2,0,0,4,0,0,0,0,0,4,0,0,2,0.1902451383226008
0,0,3,0,0,0,0,0,0,3,4,4,2,0,3,0,0.21586508224532125
0,3,3,0,1,0,0,0,0,0,0,1,0,3,3,0,-0.5255120450184171
4,0,0,4,3,0,3,0,0,0,4,0,0,0,3,0,2.640952899180383
0,0,0,0,0,0,0,0,0,0,0,0,0,0,3,1,-0.9242224223157596
0,1,0,0,4,0,0,0,0,4,0,3,0,0,0,0,0.010905530863553036
0,1,0,0,0,0,0,0,0,0,2,2,4,0,3,0,0.7859088345258639
0,0,0,0,0,0,0,0,0,0,0,4,0,2,0,3,0.613774836295084
0,0,1,0,0,0,3,0,0,0,0,0,0,2,0,0,-1.019496588778378
0,0,0,0,1,1,0,4,0,4,0,0,0,0,3,3,0.9420303678049486
0,0,1,0,1,0,0,0,0,0,0,0,4,2,1,0,-0.9338299012867803
0,2,0,1,0,0,0,0,0,0,0,0,0,0,0,0,-1.1564031641154213
0,0,0,0,0,0,0,2,0,0,0,0,0,0,0,0,-1.1596056571057587
0,0,0,0,0,1,0,3,0,0,0,0,0,0,0,4,0.1358027574868181
0,1,0,0,0,0,0,0,4,0,0,4,0,0,0,0,-0.4934871151150131
0,0,1,4,0,0,0,0,0,0,1,0,0,0,1,0,-1.1083657692603177
0,1,0,0,4,0,2,0,3,0,0,0,0,3,3,0,0.30953800221277117
0,1,3,4,3,0,0,0,0,0,0,0,0,0,0,4,1.1878217048135526
0,0,3,1,0,0,0,0,0,0,0,0,0,0,0,0,-1.2124467914463726
1,3,0,4,2,0,0,0,0,0,0,4,0,0,0,0,1.360756326291917
0,0,0,0,1,0,0,0,0,0,0,0,1,0,1,0,-1.369368947973037
0,0,0,1,0,0,0,0,4,0,0,0,0,0,4,0,-0.3918079626717155
0,3,0,2,3,0,0,0,0,0,0,0,0,0,0,0,0.036525474786278045
0,0,3,0,2,0,4,0,0,3,0,0,0,0,4,4,2.202211359503784
0,0,2,0,0,0,0,0,0,0,4,0,0,0,3,0,-0.6239887044713728
0,0,2,0,0,1,0,1,2,1,0,0,0,4,0,0,-0.19965838325130983
1,0,0,1,0,0,0,3,0,0,0,0,0,0,0,3,-0.21967396444093562
4,2,4,2,0,0,0,0,0,0,0,2,0,0,0,0,1.8859651767076977
4,0,3,0,0,0,0,0,3,0,0,0,1,0,3,2,1.5296878315323597
0,0,4,3,0,4,0,2,0,0,0,0,0,0,0,0,-0.00270506434538922
2,0,0,2,0,0,0,0,0,0,0,0,4,2,0,0,-0.20526274598440453
0,4,0,0,0,0,0,0,0,4,0,3,0,0,2,0,0.12299278552546015
0,2,0,1,0,0,2,0,0,0,0,3,3,0,0,0,0.09096785562205617
0,0,0,2,0,1,0,0,0,0,0,0,0,0,0,2,-0.704051029229876
0,0,0,0,0,0,0,2,0,4,0,0,3,3,0,0,-0.08917237508457589
1,0,2,0,0,0,2,0,0,0,0,0,0,0,0,0,-0.5175058125425649
0,1,0,0,0,0,2,0,0,0,0,1,1,2,2,0,-0.3357643353407643
0,0,4,0,0,0,0,4,0,2,0,1,0,1,0,0,-0.3830011069482791
0,1,1,0,0,0,0,2,0,4,0,0,1,0,0,0,-0.5183064357901492
0,2,0,1,1,0,0,3,0,0,0,2,0,0,0,0,-0.3990135718999788
0,0,0,0,0,0,0,1,0,0,0,0,0,0,0,0,-1.3989920081336837
0,0,2,0,0,0,0,0,3,4,0,0,0,0,0,0,-0.5303157845039275
0,0,3,0,0,4,0,0,3,0,0,4,4,0,2,0,0.38239471774301104
0,4,0,1,0,0,0,0,1,0,0,0,0,3,0,0,-0.5199076822853224
0,0,0,0,2,4,0,0,0,0,0,1,4,0,1,0,0.8099275319534157
0,2,4,0,0,4,0,0,0,0,0,4,0,0,0,0,-0.19805713675613668
0,1,0,2,0,3,0,0,0,3,0,2,3,0,0,0,0.7002421470342661
0,3,0,3,0,2,0,0,2,0,0,2,0,0,3,0,0.6546066219219199
0,0,0,0,0,1,0,0,0,1,1,0,0,0,0,0,-1.274895404758003
2,0,0,0,0,0,0,0,0,2,0,0,0,0,0,0,-0.6135806022527678
0,3,0,0,0,0,0,0,0,0,0,0,0,0,0,0,-1.2620854327966449
0,0,0,0,0,0,2,0,0,4,0,0,0,0,0,0,-0.6119793557575992
0,0,4,0,0,0,0,0,0,4,1,0,0,0,0,0,-0.30213815894219165
0,0,0,0,1,0,0,0,3,0,0,0,0,0,0,0,-1.084347071832766
4,0,0,0,3,1,0,0,0,4,1,0,1,0,0,0,1.0028777346214104
0,3,0,0,0,0,0,0,0,1,0,0,0,0,0,0,-1.3077209579089912
1,0,0,0,0,0,1,0,0,0,0,0,0,0,2,0,-1.2716929117676656
0,0,3,0,0,0,3,0,0,0,0,0,0,0,1,0,-0.937032394277122
0,0,0,0,2,0,0,0,0,0,0,0,2,0,0,0,-0.8978018551454549
0,0,0,0,1,1,0,0,0,0,0,0,0,0,0,0,-1.3613627154971897
0,0,0,0,0,0,0,2,2,0,0,4,0,1,0,3,1.0957500313412714
0,0,1,0,0,3,0,0,0,0,3,0,0,0,0,2,-0.247695778106409
0,0,3,0,0,0,3,0,0,0,4,4,0,3,0,3,0.855563057065762
0,0,0,0,0,0,0,0,0,0,4,0,2,3,3,0,0.10217658108825006
3,0,0,0,0,0,0,0,0,0,0,0,0,0,2,0,-0.6496086483940978
3,2,0,0,0,2,0,0,0,0,0,0,0,0,0,0,0.38239471774301104
0,1,0,0,1,0,0,1,0,4,0,0,4,0,2,0,0.044531707262125624
0,0,0,0,0,0,0,0,3,4,0,4,0,2,1,1,0.7098496260052869
2,0,0,0,3,0,0,0,0,0,0,3,1,0,2,1,0.7242608444618179
0,0,0,0,0,0,1,0,0,2,0,0,0,3,0,0,-1.0355090537300824
0,1,0,0,0,0,4,0,3,4,0,0,4,0,0,0,0.4944819724049136
0,0,1,3,0,0,2,2,0,0,3,0,0,0,2,0,-0.003505687592973523
0,0,0,0,0,1,0,2,3,0,0,0,0,1,0,0,-0.08116614260872375
0,2,0,0,0,0,0,0,4,0,1,4,1,0,0,0,0.10698032057376043
0,0,0,0,0,0,0,1,0,2,0,0,0,0,0,0,-0.9834685426370526
0,0,0,0,0,0,0,0,4,0,0,0,3,0,0,0,-0.6920416805161023
0,1,0,0,0,0,0,1,0,2,0,2,0,4,0,0,-0.14921911865345322
0,0,0,0,0,1,0,1,0,0,0,2,2,0,3,0,0.15261584568610667
0,0,0,0,3,2,0,4,0,0,2,2,0,0,2,0,0.3511704110871913
0,0,2,0,0,0,2,0,0,0,4,0,0,3,0,0,-0.5119014498094703
0,0,0,1,0,0,0,0,2,0,0,1,0,0,0,0,-1.1011601600320544
0,0,0,0,0,0,0,0,2,0,0,4,1,0,4,0,0.20625760327430506
2,0,0,0,3,4,0,1,4,0,4,0,0,0,0,0,1.1029556405695393
4,3,2,0,0,0,0,0,0,0,0,0,0,0,0,0,0.9292203958435862
0,2,0,0,0,3,0,0,3,0,3,0,0,0,2,0,0.3407623088685863
0,1,0,0,0,4,2,4,0,0,0,2,0,0,0,0,0.5537280927262066
0,0,4,1,0,1,0,0,0,0,4,0,0,0,0,0,-0.6696242295837236
1,0,0,0,0,0,0,0,4,0,4,0,0,0,0,0,-0.4870821291343341
0,0,0,0,0,0,2,0,0,0,4,0,3,0,0,0,-0.34617243755936933
2,0,1,0,0,0,0,0,0,3,0,0,0,0,0,0,-0.5054964638287912
0,3,0,0,3,3,0,4,0,3,0,0,0,2,0,0,0.26470310034800926
0,2,2,0,2,0,4,0,0,0,0,2,0,2,0,0,0.17743516636124282
2,0,0,0,0,0,0,0,0,0,0,0,0,0,0,0,-0.7745058750173583
2,0,0,0,0,3,0,0,0,0,3,0,0,3,0,0,-0.2060633692319888
0,0,0,0,0,0,0,0,3,0,0,0,0,1,0,0,-1.0971570437941283
0,0,0,1,0,0,0,0,0,0,0,0,0,0,0,2,-0.7825121074932104
0,0,0,0,0,0,0,0,0,0,1,4,0,0,4,0,-0.5655432073976686
0,0,0,0,0,1,0,0,0,0,0,0,0,2,0,0,-1.3133253206420858
0,0,1,0,0,0,0,0,0,0,0,1,0,0,0,0,-1.4574375052073925
0,0,0,0,0,0,0,0,1,0,4,0,0,0,0,3,-0.055546198686003294
1,0,0,0,0,4,0,0,0,0,1,3,2,0,1,0,0.00930428436838443
0,0,0,4,4,0,1,3,1,4,0,0,0,0,0,0,1.066126971180625
0,0,4,0,4,0,0,0,0,0,3,3,0,0,0,0,-0.030726878010867136
0,0,1,0,2,0,0,0,2,0,0,0,0,0,0,0,-0.7913189632166469
0,2,1,2,2,0,0,0,0,0,0,0,4,0,0,4,0.9460334840428701
0,4,0,0,0,0,2,0,0,0,0,0,2,1,0,0,-0.44945283649783996
0,0,4,0,3,0,0,4,0,0,1,0,0,0,2,0,0.17823578960882713
0,0,0,0,1,0,2,0,0,0,0,0,0,0,0,0,-1.0995589135368813
0,0,0,0,0,2,0,0,0,4,2,2,0,3,0,0,0.552126846231038
0,0,0,0,0,1,3,0,3,0,4,0,0,1,0,1,0.20705822652188935
0,0,1,0,0,3,1,0,0,3,2,0,0,1,0,0,-0.07796364961838198
2,4,0,0,0,0,0,0,0,1,2,0,1,0,0,0,0.0973728416027397
1,0,0,2,1,0,0,4,0,0,3,0,2,0,0,0,0.17343205012331675
0,1,0,0,0,0,0,0,0,1,0,0,0,3,2,0,-1.1099670157554908
4,0,0,0,3,0,0,0,0,1,0,0,0,0,0,4,1.219846634716952
3,0,2,0,4,2,0,0,0,1,4,0,0,0,0,0,1.1365818169681072
2,0,0,0,1,3,1,0,0,0,0,0,1,0,3,0,0.163824571152296
3,2,0,1,0,0,0,0,0,0,0,0,0,0,0,0,0.14220774346750165
0,3,0,0,0,1,0,2,0,0,4,0,0,2,0,0,-0.23728767588780394
0,0,4,1,0,4,0,0,2,0,2,0,0,0,0,3,0.5144975535945394
0,0,3,0,0,0,0,0,0,3,0,0,3,0,0,0,-0.614381225500352
2,2,1,0,0,0,0,0,0,0,3,0,0,2,0,2,0.42642899636018866
4,2,0,0,3,4,0,0,4,0,3,0,0,0,0,0,1.8547408700518826
0,0,1,0,0,0,0,0,4,0,0,0,1,4,1,0,-0.773705251769774
1,0,0,0,0,2,0,0,0,0,4,2,3,0,3,0,0.2735099560714457
0,3,0,0,0,0,3,0,0,0,0,0,0,0,0,0,-0.7689015122842636
0,0,3,0,0,1,0,0,1,3,0,4,3,0,0,0,0.2967280302514132
0,3,0,3,0,0,0,0,1,0,0,0,0,4,0,0,-0.17323781608100053
0,0,1,0,0,4,0,0,0,1,0,0,3,0,0,0,-0.7793096145028687
0,0,0,0,0,2,0,0,0,0,0,4,0,0,0,0,-0.773705251769774
0,2,0,0,0,0,0,4,0,4,0,0,0,0,0,0,-0.2268795736691989
0,3,0,0,1,0,4,0,0,2,0,0,0,3,0,2,0.4936813491573293
4,1,0,1,0,0,2,0,0,0,0,2,0,0,0,0,0.37598973176232753
0,0,0,0,0,0,0,1,0,0,2,3,0,3,0,0,-0.27011322903879226
0,0,0,3,2,0,4,2,0,0,0,0,0,3,0,3,1.0525163759716827
0,0,0,3,0,0,0,0,0,0,0,0,0,0,0,0,-1.1988361962374259
0,3,1,0,0,4,0,0,0,2,3,0,0,0,1,0,0.13820462722957558
4,0,0,0,0,0,0,3,0,4,2,3,0,0,3,0,1.651382565165283
0,1,0,3,0,0,0,2,3,0,2,1,0,0,0,0,0.21426383575015262
0,0,2,0,0,1,0,0,0,2,0,3,0,0,0,0,-0.5367207704846064
0,1,0,0,0,0,0,0,0,0,0,0,0,0,0,0,-1.4878611886156232
0,0,4,0,2,0,0,1,0,0,4,0,2,0,4,0,0.8195350109244365
0,0,2,0,2,0,0,1,0,0,4,0,1,0,0,4,0.5937592551054582
0,0,0,0,1,2,0,0,0,4,0,3,0,0,1,4,1.0645257246854563
2,0,0,0,0,0,0,0,0,3,0,0,0,0,2,0,-0.5263126682660013
0,0,0,0,0,0,0,0,0,0,1,3,0,0,0,4,0.3695847457816485
0,0,0,0,0,0,0,3,0,4,0,0,0,0,0,4,0.6746222031115456
0,2,0,2,0,0,1,0,0,0,0,2,0,0,0,0,0.10938219031651335
0,0,0,0,3,0,0,0,0,0,0,2,0,3,0,0,-0.5615400911597426
0,1,0,0,0,0,0,0,0,0,0,0,0,0,2,2,-0.4950883616101862
4,0,0,0,1,0,0,3,4,2,0,0,0,0,0,2,2.074111639890182
0,0,0,0,0,4,0,0,0,0,0,0,0,0,0,0,-1.0243003282638885
0,0,0,0,4,0,0,0,3,1,0,0,0,0,0,0,-0.712057261705728
3,1,0,0,3,0,3,0,0,0,0,1,1,0,0,0,0.8699742755222931
0,0,2,0,0,0,0,0,0,0,0,2,1,0,0,0,-0.9658548311901842
0,4,0,0,0,0,0,0,0,0,0,0,0,0,4,4,0.662612854397772
0,0,0,0,0,0,1,1,0,4,1,0,2,0,0,0,-0.1043842167886913
0,0,0,0,4,0,0,0,0,0,0,4,4,0,0,0,0.7122514957480444
0,0,0,2,0,0,4,0,0,0,0,0,0,0,0,0,-0.6984466664967812
0,0,2,1,0,0,0,3,0,1,0,0,0,0,0,3,-0.06435305440943972
0,0,0,0,0,0,0,0,0,3,0,0,0,0,4,0,-0.5903625280728048
0,0,0,2,0,2,0,0,3,2,0,0,0,0,3,2,0.8195350109244365
0,0,0,0,4,0,2,0,0,0,0,0,0,0,2,3,0.4072140384181472
1,0,0,1,0,0,0,0,3,4,0,0,3,0,0,2,0.6217810687709361
0,2,0,0,0,3,0,0,0,0,4,4,0,0,0,0,-0.290128810228418
1,0,0,0,0,0,0,0,0,4,0,0,2,0,0,0,-0.7368765823808642
3,0,4,0,0,0,0,0,0,0,0,0,3,2,0,3,0.779503848545185
0,0,0,0,0,2,2,0,0,0,0,0,0,0,0,0,-0.4014154416427363
0,0,0,0,0,0,0,0,0,0,0,0,2,2,0,0,-1.053923388424535
1,0,0,0,0,3,3,4,3,0,4,0,0,0,0,0,1.0813388128847403
2,0,0,0,4,0,0,2,0,0,0,0,0,0,0,4,0.8803823777408981
0,0,0,1,0,3,0,0,3,0,0,4,0,4,0,1,0.3159429881934502
0,0,0,0,0,0,4,0,0,0,0,0,1,0,0,2,-0.34136869807385894
0,3,0,0,0,0,2,2,0,0,0,0,0,0,0,0,-0.52791391476117
1,4,1,0,4,0,0,0,2,4,0,0,0,0,0,0,0.19825137079845292
0,3,4,0,0,0,0,0,0,0,0,0,0,0,3,2,-0.03232812450603574
2,0,0,1,2,0,0,0,1,0,0,0,1,0,0,0,0.3743884852671589
0,4,0,0,0,0,0,0,3,0,2,0,0,1,0,0,-0.3525774235400483
0,1,0,0,0,0,0,0,0,1,2,1,0,0,3,0,-0.6600167506127028
0,0,4,0,1,0,0,0,0,0,0,0,0,4,0,0,-0.9146149433447388
0,0,0,0,2,0,3,0,0,0,2,0,2,0,0,4,0.910806061149129
0,0,3,2,0,0,0,2,0,3,0,2,0,0,0,0,-0.06755554739977694
0,0,0,0,0,0,0,0,0,0,4,1,3,0,0,0,-0.3653873955014108
0,0,0,0,0,0,0,0,0,0,1,0,1,0,2,0,-1.0547240116721193
0,0,0,4,0,0,0,0,0,0,3,0,0,0,0,0,-0.7520884240849797
0,0,0,2,0,0,0,0,0,0,2,2,3,0,1,1,0.6978402772915132
3,0,0,0,4,1,2,0,0,0,0,3,3,0,0,0,1.7090274389914073
0,2,1,0,0,0,0,0,0,1,0,0,1,0,0,0,-1.2140480379415413
0,0,0,0,0,0,0,2,0,0,0,2,2,0,0,0,-0.30133753569460736
0,0,0,0,1,0,2,1,0,0,2,0,0,3,4,0,0.01170615411114189
1,0,0,0,0,4,1,0,0,0,0,4,0,0,0,0,0.022914879577331237
0,3,4,0,0,0,3,1,0,4,0,0,0,4,0,0,0.6770240728543031
2,0,2,0,0,0,2,0,0,3,4,0,3,0,0,0,0.9844633999269531
0,0,4,0,0,4,0,0,0,0,0,0,0,0,0,3,-0.2773188382670555
0,0,0,0,4,0,4,0,3,0,2,0,1,0,0,0,0.42482774986501554
4,0,0,0,0,1,0,0,1,0,4,3,0,0,0,0,0.38879970372369
0,0,0,0,0,0,0,0,0,0,0,1,4,0,0,0,-0.6303936904520563
4,2,0,4,2,0,3,1,0,0,0,0,0,0,0,0,2.85231743654283
0,0,2,0,0,2,4,0,0,1,0,0,0,0,0,0,-0.27972070800981297
4,0,0,2,2,1,0,0,0,0,0,1,0,3,0,0,1.0765350733992298
0,0,0,0,2,0,0,1,0,0,1,0,0,0,3,1,-0.2941319264663395
0,2,0,2,0,2,1,0,0,1,0,1,0,0,0,0,-0.44064598077440353
0,1,2,0,0,0,0,0,0,0,0,3,4,0,0,0,-0.3661880187489951
0,0,0,0,0,0,3,0,0,0,0,0,0,0,2,3,0.08296162314620859
0,0,1,0,3,4,0,0,0,0,4,0,2,0,2,0,0.12939777150613913
4,0,0,0,0,0,0,0,0,4,0,0,0,4,0,0,0.07575601391794076
0,0,0,0,0,2,0,0,0,0,1,0,0,0,0,0,-1.0915526810610336
0,0,0,0,1,0,0,0,0,0,4,4,1,1,0,3,-0.023521268782599306
2,4,4,0,0,0,0,0,0,0,0,0,0,0,0,0,0.9796596604414428
2,0,0,3,0,0,3,0,3,0,2,0,0,0,0,0,0.8659711592843671
1,0,0,0,0,0,0,0,0,3,0,0,0,0,0,0,-1.0170947190356252
3,0,4,2,0,0,0,0,0,0,0,4,0,0,0,0,0.6674165938832823
0,0,0,0,4,0,0,0,0,2,0,0,0,0,3,0,-0.49668960810535484
0,0,0,0,1,0,0,0,0,0,0,0,0,0,0,0,-1.4342194310274248
0,2,0,0,0,1,0,0,0,0,1,3,2,4,0,0,0.3519710343347802
0,4,1,4,1,0,0,0,3,0,0,0,0,4,0,0,0.1462108597054277
0,0,0,0,0,2,0,0,4,0,4,0,3,0,1,0,0.19184638481777394
0,0,2,0,0,0,0,0,0,2,4,0,0,0,0,0,-0.11479231900729633
0,0,1,0,0,0,1,0,2,3,0,0,2,0,0,0,-0.5103002033143016
3,0,0,0,0,0,0,3,3,0,0,0,0,0,0,0,0.48807698642423464
0,2,0,0,0,3,0,0,3,0,0,0,1,4,0,0,-0.1284029142162386
3,0,0,1,0,0,0,0,0,0,0,3,0,1,0,0,-0.1780415555665109
0,0,3,2,0,0,2,0,0,4,4,0,0,0,0,0,1.0076814741069207
0,3,4,0,0,3,0,0,0,0,0,0,0,0,0,0,-0.472670910677803
0,0,0,1,2,0,0,0,4,0,0,0,3,0,0,3,0.6722203333687927
0,0,2,0,0,0,0,1,2,3,0,3,0,3,0,0,0.23027630070185234
2,4,0,0,1,0,0,2,0,0,0,0,1,0,0,1,0.30073114648933474
0,0,0,0,0,0,0,1,1,3,3,4,4,0,0,0,1.2895008572568503
0,0,0,0,3,0,0,0,0,0,0,0,2,0,0,2,-0.004306310840562377
3,0,4,2,0,0,0,2,4,4,0,0,0,0,0,0,2.0292767380254197
1,0,0,0,2,0,0,0,0,0,0,0,4,4,0,2,0.9916690091552164
0,0,0,0,0,0,2,2,2,0,0,4,0,0,4,1,1.139784309958449
0,1,0,0,4,0,0,0,0,0,4,0,0,0,0,0,-0.603973123281747
0,2,2,0,0,4,0,0,0,1,0,0,0,2,0,0,-0.6640198668506244
0,1,0,2,0,0,4,0,3,0,0,0,0,0,0,0,-0.14921911865345322
2,2,0,0,0,0,0,0,0,0,4,0,0,0,0,0,-0.12920353746382746
0,0,0,0,0,2,1,4,0,0,0,0,0,0,0,0,-0.4102222973661727
4,0,0,0,0,0,1,0,0,0,3,0,4,0,0,0,0.25829811436733024
0,0,0,4,3,0,0,4,0,0,0,0,0,0,0,0,0.36317975980096956
0,0,0,3,4,0,1,0,0,0,0,3,0,0,0,0,0.67542282635913
0,0,2,0,0,0,0,2,3,0,0,0,0,3,0,2,0.6169773292854258
4,0,0,0,0,0,0,0,0,0,0,3,0,0,0,0,-0.055546198686003294
1,1,0,0,0,0,0,1,0,0,2,0,4,0,4,0,0.03572485153868919
0,0,0,0,0,0,0,2,0,2,1,3,0,4,3,0,0.7418745559086908
0,3,0,0,0,0,0,2,1,0,0,2,2,0,0,0,0.3655816295437225
0,0,0,0,0,1,4,2,0,4,2,0,0,1,0,0,1.0100833438496737
0,0,0,0,0,0,4,0,0,0,1,0,4,4,0,0,-0.17644030907134228
3,4,0,3,0,1,0,0,0,4,0,0,0,0,4,0,1.0837406826274978
3,0,0,3,0,0,0,0,0,0,0,0,0,0,0,1,-0.15322223489137474
3,0,0,0,4,4,0,0,4,0,0,4,0,0,4,0,1.6657937836218142
0,0,0,0,0,1,4,0,0,0,0,0,4,0,0,4,0.9276191493484176
4,0,0,3,0,0,0,0,0,3,0,2,2,1,0,0,0.9740552977083481
0,4,0,0,0,0,3,0,1,0,0,0,0,2,0,0,-0.2268795736691989
4,4,0,0,0,4,0,0,0,0,0,0,0,1,0,0,1.319924540665081
1,0,3,0,0,1,0,0,0,0,4,0,3,0,1,0,-0.5399232634749481
0,0,4,0,3,0,0,0,4,4,0,0,0,4,0,3,1.2078372860031785
4,0,0,0,3,0,2,2,0,0,0,0,0,1,3,0,0.9820615301842003
4,3,0,1,0,0,0,0,0,0,1,0,0,0,0,1,0.7442764256514437
0,2,0,1,0,0,3,0,0,0,1,3,4,0,0,0,0.46646015873944024
3,1,0,0,0,0,0,0,0,2,0,0,0,3,0,0,-0.3429699445690275
2,1,0,0,2,0,0,2,1,0,1,0,0,0,0,0,0.6393947802178045
0,1,0,3,0,0,0,4,0,0,0,3,1,0,2,0,0.21426383575015262
0,0,0,0,0,0,3,0,0,0,0,0,0,0,3,0,-0.8065308049207623
0,4,0,0,0,0,3,0,0,0,0,0,0,0,1,0,-0.6504092716416822
0,0,2,1,4,0,0,0,0,0,0,2,0,0,0,0,-0.1620290906148112
0,1,0,0,3,0,0,0,0,2,1,0,0,4,0,0,-0.5062970870763756
0,4,0,0,0,0,1,0,0,2,0,0,0,0,1,3,-0.11479231900729633
0,4,0,0,0,0,0,0,0,0,0,3,0,0,0,0,-0.6416024159182456
0,0,4,0,0,0,0,0,3,0,0,0,0,1,1,3,0.007703037873215823
0,0,0,0,0,0,3,1,0,2,4,4,0,0,0,0,0.44324208455947267
0,3,0,4,0,0,0,2,0,0,4,0,0,0,0,0,-0.06355243116185087
0,0,1,3,3,0,0,0,0,3,0,4,0,0,0,1,0.61777795253301
0,0,0,0,0,0,0,4,0,2,0,3,0,0,0,0,-0.169234699843079
0,0,0,0,0,4,0,0,1,0,0,0,0,2,0,0,-0.75689216357049
0,0,0,4,4,0,0,0,0,0,2,0,0,0,0,2,1.0501145062289252
0,0,1,0,2,0,0,0,3,0,0,0,0,0,0,0,-0.8105339211586884
0,3,4,3,0,0,0,0,0,0,0,0,3,4,3,0,0.5032888281283501
3,0,0,0,0,0,0,0,0,0,0,3,0,0,0,0,-0.3093437681704595
0,0,1,0,0,0,0,0,0,0,1,3,0,0,0,0,-1.0707364766238237
0,1,0,2,0,0,0,4,3,3,0,0,0,0,0,0,0.8635692895416142
0,3,0,3,0,1,4,0,0,0,0,2,2,0,0,0,0.8691736522747088
0,0,4,0,4,0,3,0,4,1,0,0,0,0,0,0,0.1117840600592708
0,0,0,4,3,0,0,4,0,0,1,0,0,3,0,2,1.2406628391541623
0,0,0,0,2,0,0,1,0,0,0,0,0,0,0,0,-1.1035620297748072
3,0,0,0,3,0,0,0,3,4,0,2,3,0,0,0,1.4552298695069512
0,2,3,0,0,0,3,1,0,0,0,0,2,0,0,1,-0.35818178627314295
0,1,0,0,1,0,0,2,0,0,0,4,3,0,0,1,-10.033713733338248
1,0,0,0,4,4,0,0,0,4,4,0,0,0,4,0,1.4079930978994364
0,0,0,0,0,0,0,0,0,0,0,0,0,0,0,0,-1.4990699140818127
0,0,4,0,3,0,2,0,0,0,0,0,0,0,0,0,-0.23328455964987788
0,0,0,0,0,0,0,0,0,4,4,0,0,4,0,0,0.39200219671403175
3,0,0,4,1,2,0,0,0,0,0,0,0,0,0,0,1.082139436132329
0,0,0,0,0,4,0,0,0,0,0,1,4,0,3,1,0.5249056558131444
0,0,0,0,1,0,0,4,3,0,0,0,0,0,0,0,0.10537907407858728
0,0,0,0,4,0,0,4,0,1,0,3,0,0,0,0,0.022914879577331237
0,4,0,0,0,4,0,1,0,0,0,0,0,0,0,0,-0.6215868347286199
1,0,1,0,4,0,3,0,0,0,0,0,3,0,1,0,-0.09477673781767056
0,1,0,0,0,3,0,0,0,2,0,0,0,0,0,0,-0.7232659871719174
0,3,2,0,0,0,1,0,0,3,0,0,0,0,3,3,0.32394922066930226
0,0,0,0,0,0,4,0,0,0,0,0,0,0,2,0,-0.75689216357049
0,4,0,0,3,0,3,0,0,0,0,4,0,0,3,0,0.4736657679677035
0,0,3,1,0,0,0,0,0,0,0,0,0,0,1,2,-0.7248672336670906
0,0,0,0,0,0,0,0,3,2,0,0,0,1,0,0,-0.8457613440524295
0,2,2,0,0,0,2,0,0,0,0,1,0,4,0,1,-0.3325618423504225
0,0,0,0,0,0,0,1,0,4,2,0,0,0,0,0,0.2526937516342356
0,0,0,1,0,0,0,0,0,0,4,0,0,0,0,0,-0.8978018551454549
0,0,0,4,4,0,0,0,4,0,0,0,0,0,0,0,-0.025923138525356767
0,2,0,0,0,0,3,0,1,3,0,0,0,1,1,0,-0.3429699445690275
1,2,0,0,0,0,1,0,0,4,0,0,0,0,3,0,-0.6063749930245045
0,0,0,0,0,0,0,0,1,3,0,2,0,0,0,0,-0.7128578849533124
3,0,0,0,0,0,4,3,0,0,0,0,0,0,4,3,1.088544422113008
2,0,0,3,4,0,0,0,0,1,0,0,0,0,0,0,0.11818904603994979
0,3,3,0,0,0,4,0,4,2,3,0,0,0,0,0,0.5144975535945394
0,0,0,0,0,0,2,0,1,1,0,0,0,0,0,3,-0.23648705264021963
0,0,0,0,0,0,0,0,3,0,0,1,0,2,0,1,0.2206688217308316
0,0,0,0,0,0,0,0,3,0,0,1,0,0,3,0,-0.7008485362395387
0,3,1,2,0,0,0,0,4,4,0,0,0,0,0,1,0.27671244906178744
0,0,0,0,4,0,0,0,0,0,0,0,4,0,0,0,-0.5519326121887218
0,0,0,1,2,0,2,1,0,0,2,0,0,0,2,0,0.20145386378879468
0,2,0,2,0,0,0,1,0,3,0,0,1,2,0,0,-0.4150260368516831
0,3,0,0,4,0,1,3,0,3,0,0,0,0,0,0,0.07175289768001925
3,0,0,0,0,0,0,0,0,0,0,0,0,0,0,0,-0.5847581653397101
0,0,3,0,1,4,1,0,0,0,0,0,0,0,0,0,-0.4942877383625974
1,2,0,0,0,1,0,0,1,0,0,0,0,0,0,0,-0.4326397482985514
0,2,0,0,0,0,0,0,0,0,0,0,4,0,0,0,-0.9066087108688913
0,3,1,2,0,0,1,0,0,0,0,0,0,0,0,0,-0.7584934100656586
0,0,4,3,0,0,0,0,0,2,0,0,0,0,4,2,0.6842296820825664
2,0,0,0,4,0,0,0,1,0,0,1,0,2,0,1,0.2006532405412058
0,0,2,0,0,0,0,0,0,0,0,0,0,0,0,3,-0.6327955601948092
1,0,3,0,2,0,2,0,0,0,0,0,0,0,3,0,0.339961685621002
0,0,0,0,0,1,2,3,0,1,0,4,0,0,3,0,0.2542949981294042
0,0,4,0,2,0,3,3,0,3,3,0,0,0,0,0,1.131778077482597
0,0,0,0,2,0,4,0,0,4,0,0,0,0,0,4,0.910806061149129
0,2,0,1,2,3,0,0,0,0,0,0,0,1,0,0,-0.2597051268201872
4,0,2,0,2,0,0,0,0,0,0,0,0,0,0,0,0.8739773917602192
0,0,0,0,0,0,0,0,3,0,4,1,0,4,2,0,-0.06034993817151366
0,0,1,0,0,2,0,0,0,2,3,0,0,0,0,3,0.7138527422432129
3,0,0,3,0,0,0,0,0,0,0,0,0,2,0,0,0.0004974286449479926
0,0,2,1,4,0,0,0,2,0,2,0,0,0,3,0,0.41522027089399477
0,0,4,0,0,0,0,3,3,1,0,0,0,0,3,1,0.7090490027577026
0,0,0,0,0,0,0,2,2,0,0,1,0,4,0,3,1.035703287772394
2,1,0,0,0,0,0,0,0,4,0,0,0,0,3,3,0.4960832189000822
0,0,0,3,4,4,0,0,0,0,0,2,0,2,0,0,-0.6536117646320193
0,4,1,0,4,0,0,4,0,0,2,3,0,0,0,0,0.5641361949448117
0,0,0,1,0,0,0,0,0,0,0,2,0,0,0,0,-1.0627302441479713
0,1,0,0,3,0,0,0,1,0,0,0,4,0,1,3,0.2855193047852193
0,0,0,2,0,0,4,0,0,0,0,0,4,0,0,0,-0.36778926524416367
0,2,0,0,0,1,0,2,0,0,1,0,0,4,0,0,-0.504695840581207
0,0,0,3,1,0,3,0,0,0,3,0,0,0,0,2,0.3559741505727017
0,0,0,0,0,0,0,3,0,0,0,0,0,0,0,0,-1.126780103954775
0,2,0,0,0,0,3,1,0,0,0,2,0,4,0,2,0.7803044717927693
0,0,0,0,0,0,0,4,2,0,0,0,0,0,1,0,0.07575601391794076
0,0,0,4,2,3,0,4,0,0,0,0,0,0,2,0,0.8867873637215817
1,0,0,0,0,0,3,0,0,0,0,3,0,3,0,0,-0.3261568563697435
1,0,3,0,0,0,0,0,0,0,0,0,0,0,0,0,-0.988272282122563
1,0,0,4,0,0,0,0,0,0,0,0,1,0,2,0,-0.5727488166259319
0,0,0,0,4,0,0,0,0,3,3,0,0,0,0,0,0.11658779954478117
3,0,4,0,0,0,0,0,3,0,2,0,0,0,2,2,1.3975849956808313
0,3,0,3,0,3,0,0,0,0,3,0,3,0,3,0,0.6658153473881092
0,2,2,0,2,0,0,0,0,0,0,0,0,2,2,0,-0.6600167506127028
1,0,0,0,4,4,2,2,0,0,0,0,0,3,0,0,1.1966285605369846
4,0,0,3,0,2,0,1,0,0,0,0,0,0,3,0,1.1109618730453867
0,0,0,4,0,0,0,0,0,0,0,0,0,0,0,0,-1.096356420546544
0,1,0,2,0,0,3,0,0,2,0,0,0,2,0,2,0.2318775471970255
0,0,0,0,0,0,0,0,1,3,0,0,1,0,0,0,-0.943437380257801
0,1,1,0,1,0,0,0,0,0,0,0,0,0,0,0,-1.4134032265902148
0,0,4,2,2,1,0,0,4,2,0,0,0,0,0,0,0.5745442971634167
0,3,0,0,3,0,1,2,3,0,0,0,3,0,0,0,0.7979181832396421
0,0,3,0,0,0,0,0,0,0,3,1,3,4,1,0,-0.016315659554336028
0,1,0,0,0,0,0,0,0,0,0,4,1,0,0,0,-0.740079075371206
0,0,1,0,0,1,0,3,0,0,0,0,0,0,3,0,-0.8009264421876676
0,0,0,4,0,4,0,0,0,3,0,2,0,0,0,4,1.174211109604606
0,0,0,1,0,3,0,0,0,0,0,0,0,0,0,0,-0.9634529614474269
0,3,3,0,0,0,0,0,2,0,2,0,1,0,0,0,-0.22287645743127285
0,0,0,1,0,0,0,0,0,0,0,2,0,4,0,0,-0.7008485362395387
0,2,0,0,0,0,0,0,0,0,0,3,0,0,0,0,-0.9490417429908957
0,4,3,0,2,0,0,0,0,0,0,4,2,0,0,2,1.1029556405695393
1,0,0,0,1,0,2,0,0,3,0,1,1,0,0,0,-0.1956552670133838
0,0,0,0,0,0,3,4,0,0,4,1,4,0,3,0,0.8323449828857991
0,0,0,3,0,0,1,0,0,0,4,0,0,0,0,0,-0.7256678569146748
0,0,0,0,0,0,0,0,0,0,3,1,0,0,0,0,-1.1371882061733798
0,3,0,0,0,0,0,2,0,0,0,2,0,4,4,0,0.09417034861239794
1,0,0,0,0,0,0,0,2,0,0,0,0,0,0,0,-1.0010822540839255
0,0,0,0,0,0,0,1,1,0,0,3,2,2,0,0,-0.22287645743127285
0,2,1,0,0,0,0,0,0,0,0,2,0,1,0,0,-0.9850697891322258
0,0,0,3,0,0,0,0,0,0,4,0,0,0,0,0,-0.7312722196477696
1,2,0,0,0,0,0,1,1,0,0,1,0,3,0,0,-0.7408796986187903
0,0,0,1,1,0,0,0,0,0,0,0,0,0,3,0,-0.8129357909014413
1,0,2,0,0,2,0,0,2,0,0,0,0,0,0,0,0.03092111205317882
0,3,0,0,0,2,0,0,2,0,0,4,0,2,4,0,0.5737436739158325
0,2,0,1,0,1,4,0,2,0,0,0,0,0,0,4,1.0621238549427034
0,0,1,0,3,0,3,0,1,0,0,0,0,2,4,0,0.17983703610399573
0,0,0,4,0,0,0,4,1,0,0,2,4,0,0,0,0.3960053129519533
0,3,3,1,0,4,0,3,0,0,0,0,0,4,0,0,0.2991298999941661
0,1,2,1,0,0,0,0,2,0,0,0,2,0,0,0,0.21426383575015262
0,1,0,0,0,0,0,0,0,0,4,0,0,4,3,0,-0.37739674421518443
1,0,3,0,0,0,0,3,2,0,1,0,0,1,0,0,0.1670270641426378
0,0,1,0,0,0,0,0,0,0,2,0,0,0,0,0,-1.2012380659801833
0,0,0,0,2,0,0,0,0,0,0,0,0,0,0,0,-1.147596308391985
0,0,4,0,0,0,0,0,0,4,0,0,0,0,0,0,-0.7192628709339913
0,0,0,0,0,0,0,3,0,2,0,0,0,4,0,0,-0.4486522132502511
0,0,0,1,0,0,3,2,0,2,0,4,3,0,0,0,1.014887083335184
0,0,0,0,0,0,0,4,4,1,0,0,4,0,0,0,0.8827842474836556
0,0,0,0,0,0,0,0,0,0,3,4,0,0,4,0,-0.08196676585630805
0,3,0,1,0,3,0,0,0,2,3,0,0,4,0,0,0.3319554531451544
0,2,0,2,0,2,1,0,1,0,0,3,0,0,0,0,0.3831953409905953
0,0,0,0,0,2,1,0,0,0,0,2,3,0,3,4,2.773055735031911
4,0,0,0,0,0,0,0,0,4,2,0,0,1,3,2,2.322304846641539
0,0,0,4,0,1,1,0,0,0,0,3,1,0,1,0,-0.0699574171425344
3,0,0,0,4,0,2,0,0,0,0,0,0,0,0,1,0.49047885616698755
4,0,0,0,0,4,1,0,3,3,0,0,0,0,0,2,1.6065476633005211
0,0,4,2,0,3,0,0,0,3,1,1,0,0,0,0,0.12299278552546015
0,0,0,2,0,0,3,0,4,0,0,0,0,0,0,0,-0.32055249363664884
0,3,0,0,3,1,0,0,0,0,4,0,2,2,0,0,0.04773420025246739
0,0,0,0,0,4,0,3,2,1,0,0,0,0,0,0,0.17183080362814815
0,0,0,2,0,0,0,3,2,0,0,0,0,0,0,3,0.5401174975172598
0,0,1,0,4,0,1,1,0,0,3,0,0,3,0,0,-0.4414466040219878
1,0,3,4,0,0,0,2,0,0,0,0,2,0,0,2,0.4424414613118884
0,0,0,0,4,0,0,2,0,1,0,2,2,0,0,0,0.40000842918987933
0,0,0,0,0,0,0,0,2,0,0,4,0,2,0,0,-0.3605836560159004
0,0,0,1,0,0,0,0,0,0,0,0,0,0,0,0,-1.351755236526169
0,1,0,0,0,0,0,0,1,0,0,0,0,0,0,0,-1.3077209579089912
4,0,1,0,0,1,0,0,0,0,2,0,3,0,4,0,0.3519710343347802
0,0,0,0,0,1,0,0,0,0,0,0,0,0,0,0,-1.3885839059150786
4,4,4,0,0,0,0,0,0,0,0,0,0,4,4,4,5.355866331741226
0,0,0,0,0,0,0,0,0,4,1,0,0,0,0,0,-0.5439263797128697
0,1,1,0,0,0,4,3,0,0,0,0,0,0,3,2,0.05413918623314637
0,4,0,2,0,2,0,3,1,0,0,1,0,0,0,0,0.5337125115365808
0,4,0,0,3,0,0,1,0,0,0,2,1,0,1,0,0.10938219031651335
0,4,0,0,0,0,0,0,0,0,0,1,3,4,0,0,0.21426383575015262
0,0,1,3,0,0,0,0,0,0,1,0,0,2,0,0,-1.144393815401643
0,0,0,1,0,4,0,0,0,3,3,0,2,0,2,0,0.8843854939788243
0,4,0,1,0,0,0,0,0,0,0,0,0,3,0,0,-0.8177395303869517
0,0,0,0,0,0,4,0,0,0,0,4,0,0,0,4,0.6730209566163771
0,3,0,0,4,0,0,0,0,1,0,0,0,3,2,0,-0.6271911974617146
0,0,0,1,2,0,1,0,2,0,1,0,0,2,0,0,-0.52791391476117
0,0,0,4,2,4,0,3,0,0,0,0,0,3,0,0,0.5281081488034862
1,0,0,0,0,0,0,0,1,0,0,0,0,3,0,2,-0.3565805397779743
2,2,0,0,1,0,0,1,0,3,0,0,0,0,0,4,0.9340241353290966
0,0,0,4,0,0,0,0,0,0,0,0,0,0,4,0,-0.6343968066899779
0,1,0,0,4,4,2,0,0,0,0,0,2,0,1,0,0.12459403202062876
0,0,0,0,0,0,0,1,0,0,0,0,0,0,0,3,-0.3846023534434523
0,0,2,0,3,0,0,0,1,3,3,0,0,1,0,0,0.19264700806535826
0,3,0,1,0,0,0,0,0,0,0,0,0,0,0,0,-1.0731383463665765
0,0,0,0,0,0,0,0,0,0,0,0,3,2,0,0,-1.0347084304824936
0,0,0,0,0,0,4,0,0,0,0,0,0,0,0,3,-0.30694189842770203
0,0,0,0,2,0,2,4,0,0,0,0,0,0,2,3,0.7931144437541318
2,0,0,0,0,1,0,0,0,0,0,0,0,0,0,0,-0.7304715964001852
0,0,0,0,0,1,0,0,0,4,1,0,4,0,3,0,0.16062207816195426
3,0,0,0,4,0,3,0,0,3,0,0,4,0,0,1,1.3431426148450487
0,1,1,0,1,0,0,0,0,0,1,0,0,0,0,0,-1.4302163147895033
0,3,0,0,0,0,0,0,0,0,0,0,4,1,0,4,0.4760676377104564
0,2,0,0,0,0,2,3,3,0,0,0,0,0,1,4,1.291102103752019
2,4,0,2,0,3,0,0,0,0,0,0,0,0,4,0,1.0325007947820568
1,0,0,0,2,0,0,0,0,0,3,0,0,1,0,0,-0.6159824719955252
0,0,0,4,0,0,0,0,3,0,0,2,3,0,0,0,0.00930428436838443
2,4,0,0,4,0,4,0,0,0,0,0,0,0,3,0,1.182217342080458
1,0,4,0,4,1,0,0,0,0,0,0,0,0,4,4,0.9892671394124635
1,3,3,0,4,0,0,0,0,0,2,0,0,0,0,0,0.041329214271788414
0,2,0,0,0,4,0,3,0,2,1,0,0,0,3,0,0.5457218602503545
0,0,0,3,0,0,4,4,0,0,0,3,2,0,1,0,0.6986409005390976
0,3,0,3,0,0,0,0,0,0,0,0,0,0,0,0,-0.7961227027021572
4,0,0,3,0,0,0,1,0,0,0,0,0,0,0,0,0.15741958517161705
4,1,0,0,0,0,0,0,2,0,0,4,0,0,0,1,0.15181522243852238
0,0,0,0,0,1,1,3,0,0,0,0,0,0,0,0,-0.8113345444062727
4,4,3,0,0,0,0,0,0,0,0,0,0,3,4,4,4.548838098175511
0,0,0,4,4,0,0,0,0,0,0,4,4,0,0,0,-1.147596308391985
4,0,0,0,0,0,1,0,3,1,0,0,0,0,0,0,0.032522358548351976
0,0,0,0,4,4,0,0,2,0,2,0,0,0,0,0,-0.3613842792634847
0,3,1,0,0,0,0,0,0,2,0,0,0,0,0,0,-0.9026055946309651
3,0,0,0,0,1,0,4,0,0,0,3,3,0,0,1,0.14060649697232847
0,2,1,0,0,0,1,0,1,0,0,0,2,0,0,2,-0.3709917582345055
0,3,0,0,2,0,2,0,4,0,0,2,0,0,4,0,0.741073932661102
0,0,1,0,0,0,1,0,0,0,0,0,0,0,3,4,0.37839160150508494
0,0,4,0,2,4,0,0,0,0,0,0,1,3,4,0,0.3479679180968541
0,0,0,0,4,1,0,0,3,0,0,2,0,0,3,0,0.1317996412488966
0,0,4,3,0,0,0,1,1,0,0,0,0,0,2,0,-0.28052133125739726
0,0,0,0,3,0,0,0,0,0,0,0,1,0,3,0,-0.7616959030560004
0,0,0,0,0,0,0,0,4,0,4,0,0,0,0,0,-0.4654653014495397
0,0,0,0,1,1,0,0,0,0,0,0,3,0,0,0,-1.1187738714789228
0,0,0,1,0,0,0,4,0,0,0,0,0,0,0,0,-0.8970012318978705
0,0,0,0,0,4,0,0,3,2,4,3,0,3,0,0,1.239862215906578
0,0,1,0,0,1,0,0,0,0,0,0,3,0,0,0,-1.1996368194850102
0,0,0,0,0,0,2,0,0,3,3,1,0,4,3,0,0.6433978964557305
0,0,0,2,0,0,0,0,0,2,3,4,4,0,0,1,-1.3261352926034484
0,0,0,0,0,0,0,4,0,0,0,0,0,3,0,0,-0.839356358071746
0,0,0,1,0,0,2,0,0,0,0,0,0,3,0,2,-0.07155866363770301
0,0,4,4,0,0,3,0,0,0,2,0,0,0,1,4,0.8419524618568197
0,0,1,2,0,2,2,0,2,0,0,0,4,0,0,0,0.4312327358456945
1,0,0,0,3,2,0,0,2,0,0,0,0,4,3,0,0.1317996412488966
0,0,0,0,3,4,0,1,0,0,2,0,0,0,0,0,-0.3469730608069536
2,0,0,0,0,0,4,0,0,0,3,4,0,4,0,1,0.8331456061333833
2,0,0,2,3,0,0,0,0,0,0,2,2,2,0,0,1.6057470400529368
3,0,3,1,3,0,0,0,0,2,0,0,0,0,0,0,0.8963948426925978
0,0,0,1,0,4,0,0,0,1,1,2,0,0,0,0,-0.37899799071035306
0,0,0,0,0,0,0,2,0,0,3,0,0,0,3,0,-0.39020671617654695
0,4,0,0,3,0,0,0,0,0,0,2,0,2,2,3,1.2526721878679405
0,0,0,0,3,0,2,0,1,0,0,2,0,4,0,2,0.707447756262534
0,0,0,0,0,0,0,2,0,0,0,0,0,0,2,0,-0.8978018551454549
0,2,0,0,0,0,0,0,0,0,0,0,1,0,0,3,-0.3261568563697435
0,4,0,0,0,0,1,3,0,0,0,0,0,0,0,0,-0.5839575420921213
0,0,0,0,0,2,0,0,0,0,0,0,0,0,4,3,0.19584950105569546
0,0,0,1,0,0,2,1,1,0,0,0,0,0,0,3,0.20705822652188935
1,0,4,0,0,1,0,0,2,0,0,0,2,0,0,3,0.26069998411008316
0,0,4,0,0,4,1,0,0,1,0,2,4,0,0,0,0.6345910407322941
0,0,4,0,0,0,0,0,0,3,0,0,2,0,0,3,0.4920801026621607
0,0,0,0,3,0,0,4,0,0,0,2,0,0,0,0,-0.3757954977200158
1,1,0,0,0,0,0,0,0,0,0,0,0,0,0,0,-1.25167733057804
2,0,0,0,0,0,0,0,0,2,0,0,0,0,0,1,-0.5503313656935532
0,0,0,0,0,0,0,0,4,2,1,0,0,0,0,4,0.8243387504099469
0,0,0,0,0,0,2,0,0,4,0,3,0,0,0,0,-0.0931754913224974
0,0,0,4,0,0,3,0,0,0,0,0,0,0,3,0,-0.15242161164379045
0,0,0,0,0,0,3,0,2,3,4,0,1,0,0,4,2.0941272210798076
0,0,0,0,0,2,0,0,0,0,0,0,0,0,0,0,-1.2308611261408298
0,4,0,4,2,0,0,0,0,0,4,0,0,3,0,1,0.9732546744607637
0,3,3,0,0,0,0,0,0,0,0,0,0,3,4,0,-0.39340920916688416
0,3,0,2,0,0,0,0,1,2,3,0,0,3,0,0,0.2174663287404944
0,0,2,0,0,4,0,0,3,0,1,0,3,0,0,0,-0.224477703926446
0,1,0,0,0,0,0,4,3,0,2,1,0,0,0,0,0.47446639121528783
0,0,0,0,0,0,3,4,2,0,0,1,1,1,0,0,0.5040894513759343
4,1,0,1,0,1,0,0,0,0,0,0,0,4,0,0,0.49768446539525535
0,0,3,0,0,0,0,0,0,0,0,0,0,0,0,2,-0.7488859310946379
2,0,0,0,0,0,0,2,2,0,0,3,3,0,3,0,1.2094385324983472
0,2,0,2,0,4,2,0,0,1,0,0,4,0,0,0,0.4816720004435556
0,0,2,0,4,0,4,0,0,0,1,3,0,0,0,1,0.11418592980202372
0,0,0,2,0,0,0,0,0,0,0,0,0,0,0,0,-1.2468735910925295
0,0,0,0,0,0,0,0,3,0,3,0,0,0,0,0,-0.6680229830885505
0,0,0,0,0,1,0,0,0,0,0,0,0,0,2,3,-0.16763345334790586
0,0,0,0,4,0,0,0,0,4,0,0,0,0,0,0,-0.6215868347286199
4,1,0,1,4,0,0,4,0,0,0,0,0,0,0,0,1.536893440760623
1,0,4,0,0,0,3,0,0,0,0,0,2,2,0,0,-0.1404122629300168
0,3,0,0,3,0,4,2,0,1,0,0,0,0,0,0,0.1462108597054277
2,0,0,4,3,0,0,2,0,0,0,0,0,0,0,0,0.6313885477419523
0,0,0,0,0,0,3,0,0,0,0,0,0,0,0,0,-1.019496588778378
0,0,0,2,0,3,0,4,2,0,0,0,4,0,0,3,1.4672392182207294
0,0,0,0,0,3,0,0,0,3,0,0,1,1,1,0,-0.7344747126381068
0,0,3,0,0,3,0,2,4,3,0,2,0,0,0,0,0.9124073076443021
3,3,3,0,0,0,0,0,0,0,0,0,0,0,0,2,0.520101916327634
0,0,4,1,0,0,0,0,0,0,2,4,3,0,0,4,2.126952774230791
1,0,0,2,0,0,0,0,1,0,4,0,2,0,0,4,0.7002421470342661
0,0,0,1,4,0,4,0,0,1,1,0,3,0,0,0,0.6353916639798783
0,0,0,0,0,0,0,0,3,0,3,4,0,0,0,2,0.7242608444618179
0,0,0,0,0,0,2,0,2,0,0,0,0,0,1,1,-0.7224653639243331
0,4,0,0,0,0,2,2,0,0,0,0,0,0,0,0,-0.35497929328280575
0,4,0,0,4,0,0,0,2,0,0,0,0,3,3,0,0.1710301803805593
0,0,0,2,2,0,0,0,0,0,0,0,0,0,0,3,0.11818904603994979
0,2,4,4,0,0,0,3,0,0,0,0,0,0,0,0,-0.2140696017078364
0,0,0,0,0,0,0,1,0,0,3,2,0,0,2,3,1.239862215906578
0,0,0,0,0,0,0,0,0,0,1,0,0,1,0,0,-1.4085994871047045
1,0,0,0,0,0,0,0,0,0,0,3,0,0,0,0,-0.8913968691647758
0,0,0,0,3,3,0,0,0,0,0,4,0,3,2,4,2.16458206686729
0,2,0,0,0,1,0,0,0,1,0,0,0,0,2,0,-1.2508767073304556
0,2,0,0,0,0,0,0,0,0,0,0,3,4,0,2,0.284718681537635
2,0,0,0,0,3,1,0,0,2,0,3,0,0,3,0,0.4816720004435556
3,0,0,0,2,3,2,0,0,0,4,2,0,0,0,0,1.2494696948775987
0,0,1,1,0,0,0,4,0,2,4,2,0,0,0,0,0.5313106417938234
0,0,0,0,0,0,0,0,0,0,0,0,4,0,0,1,-0.7368765823808642
0,0,0,2,0,0,0,0,0,0,3,0,0,0,0,1,-0.7008485362395387
4,0,0,0,0,2,2,3,0,0,0,0,0,2,0,0,1.184619211823211
0,0,4,0,0,0,1,3,3,0,0,0,0,0,3,0,0.3743884852671589
0,0,0,0,0,2,1,0,4,1,1,0,0,0,0,0,-0.40862105087099954
0,0,0,0,0,0,0,0,0,0,2,0,0,0,1,0,-1.1347863364306225
0,0,4,2,2,0,0,0,0,0,0,2,0,0,3,0,0.6217810687709361
0,0,1,0,0,0,0,0,1,0,2,1,0,0,0,0,-1.1916305870091626
1,0,0,0,1,0,0,1,0,0,0,1,0,4,0,0,-1.1355869596782113
0,3,0,0,0,0,0,4,0,0,4,1,0,1,4,0,0.06774978144209318
3,0,1,1,3,2,0,0,0,1,0,0,0,0,0,0,0.6449991429508991
0,0,0,0,4,1,0,0,0,0,0,0,0,0,4,0,-0.6632192436030401
0,0,0,0,0,2,3,1,2,3,0,0,0,0,0,1,0.821936880667194
0,0,0,0,0,1,0,0,2,0,1,2,0,0,1,4,0.8059244157154897
2,0,0,2,0,0,0,2,3,0,0,0,0,0,0,3,1.1309774542350126
0,4,0,0,0,2,0,0,0,0,0,0,1,0,0,0,-0.5367207704846064
0,0,0,2,0,2,0,0,4,0,0,0,4,0,1,1,0.041329214271788414
0,0,4,0,0,0,0,2,0,0,2,0,0,0,0,1,-0.5583375981694008
0,0,0,2,0,4,0,2,0,0,0,4,4,0,0,1,0.21186196600739973
0,0,1,0,0,0,0,0,0,0,3,4,0,0,0,0,-0.7256678569146748
0,2,2,0,0,0,0,1,0,0,0,0,0,1,0,1,-0.9002037248882122
0,3,0,4,0,0,0,0,0,1,0,0,1,0,0,0,-0.697646043249197
3,0,0,2,2,0,0,1,0,2,0,0,0,3,0,0,0.30073114648933474
0,2,3,0,0,0,4,0,2,0,0,0,0,1,4,0,0.098173464850324
0,0,0,0,0,4,3,0,0,0,2,4,0,3,0,0,0.7594882673555592
0,0,0,0,0,0,0,3,0,0,0,2,0,0,2,0,-0.49668960810535484
0,0,1,0,0,0,3,0,0,4,4,4,0,0,0,0,0.7995194297348107
0,0,0,4,0,0,0,0,4,0,1,0,3,0,0,0,-0.24929702460158215
0,0,2,0,0,4,0,0,0,0,0,0,0,0,0,0,-0.828948255853141
0,0,0,0,0,0,0,0,4,0,0,4,0,0,2,0,0.14220774346750165
1,0,0,0,0,0,0,0,0,0,0,2,0,0,0,0,-0.9642535846950111
0,0,0,0,0,4,0,0,0,1,0,0,0,3,1,1,-0.6552130111271924
0,0,0,0,2,0,0,4,2,0,0,0,0,0,2,0,0.4104165314084844
1,0,4,0,0,0,0,0,0,0,0,0,0,2,0,0,-0.8553688230234503
1,0,2,2,1,1,0,0,0,0,0,0,0,2,0,0,-0.07476115662804476
0,0,0,1,0,0,0,0,4,0,0,1,0,0,0,0,-0.9250230455633485
0,0,0,0,1,0,0,0,0,0,2,0,0,0,0,0,-1.217250530931883
3,0,0,0,0,0,3,4,4,0,0,0,0,0,2,0,1.9099838741352495
4,0,0,2,0,0,0,0,0,0,0,0,0,2,0,0,0.09336972536481362
0,0,3,0,0,0,0,0,3,0,0,0,1,0,1,0,-0.894599362155113
0,0,0,1,2,0,0,2,0,2,0,0,0,2,0,1,0.020513009834573777
0,0,2,0,0,1,0,1,1,0,0,0,0,0,0,0,-0.9642535846950111
0,0,0,0,2,0,1,4,3,0,0,0,3,3,0,0,0.4576533030160038
0,0,0,0,0,0,3,0,0,0,0,0,0,0,0,2,-0.5775525561114423
0,0,2,0,4,0,0,4,2,0,3,0,0,0,0,0,0.7963169367444689
0,2,0,0,0,0,4,0,0,0,4,2,0,2,0,0,0.014908647101479103
0,3,2,0,0,0,2,0,1,0,0,2,0,0,3,0,-0.19325339727062632
0,0,3,0,0,0,0,4,0,0,4,0,0,0,0,0,-0.3894060929289626
2,0,2,0,0,0,3,0,0,0,0,0,2,0,3,1,0.2590987376149146
3,1,4,0,0,0,3,3,0,2,0,0,0,0,0,0,0.9204135401201498
0,3,0,0,0,0,0,0,0,0,2,2,1,3,0,0,0.022114256329746933
0,0,0,0,0,0,0,3,2,0,3,4,2,0,0,0,1.0917469151033454
2,0,0,0,0,0,1,1,0,2,0,3,0,0,0,0,0.019712386586989473
0,0,0,3,0,1,0,3,0,0,0,4,4,0,1,0,0.8419524618568197
0,0,1,0,0,0,0,0,0,0,2,4,0,2,0,0,0.03812672128144665
0,4,1,0,0,0,1,0,3,2,0,2,0,0,0,0,0.06694915819450888
4,0,0,0,0,0,2,0,1,0,3,0,0,0,1,0,1.19102419780389
1,0,0,0,0,0,2,0,4,0,0,0,1,2,0,0,-0.31975187038906455
0,0,0,3,4,0,0,0,0,2,0,0,0,1,2,1,0.6866315518253239
4,0,2,2,0,0,0,4,1,3,0,0,0,0,0,0,1.3247282801505915
0,0,0,3,0,4,0,0,0,0,0,0,0,4,0,0,-0.5367207704846064
0,3,1,0,0,0,0,0,0,2,0,0,0,0,0,1,-0.6239887044713728
0,4,3,0,0,3,0,4,0,2,1,0,0,0,0,0,0.7466782953942012
0,2,0,0,0,0,0,0,0,0,0,0,0,0,0,0,-1.2572816933111346
0,4,0,0,0,2,3,0,1,0,1,0,0,0,0,0,0.603366734076479
2,0,4,1,0,0,0,0,0,1,0,0,0,0,0,4,0.6930365378060028
1,0,0,4,0,0,0,0,0,0,1,0,0,1,0,0,-0.9506429894860688
0,0,0,1,0,0,4,0,0,0,0,0,0,0,0,0,-0.8497644602903557
0,3,0,3,1,0,3,0,0,4,0,0,0,0,0,2,0.8187343876768522
0,0,0,4,0,0,0,0,0,3,0,3,0,1,0,1,0.08696473938413465
4,0,2,0,1,0,0,2,0,2,0,0,0,2,0,0,0.7266627142045754
1,1,3,0,0,0,0,0,0,0,0,0,0,3,0,0,-0.9514436127336532
0,1,0,0,0,3,0,0,3,1,4,0,0,0,0,4,0.9716534279655906
1,0,0,0,2,3,0,0,0,0,4,0,0,3,0,4,0.6802265658446404
3,0,2,0,4,2,0,0,0,0,0,0,0,4,0,1,1.0717313339137196
0,3,2,0,3,0,1,0,0,0,0,0,0,0,1,0,-0.6287924439568832
1,0,1,3,0,0,0,0,0,3,3,0,0,0,2,0,0.19104576157018507
0,0,0,0,2,0,2,1,0,0,0,0,0,0,4,0,-0.20766461572715741
0,0,0,0,0,0,0,0,0,4,0,0,0,0,4,0,-0.5439263797128697
0,0,3,0,0,0,0,0,1,0,3,4,0,2,0,0,-0.4454497202599139
0,0,0,0,1,0,0,1,0,0,4,0,0,0,0,0,-0.8785868972034133
3,2,0,0,0,4,1,0,0,2,0,2,0,0,0,0,1.0333014180296411
0,0,0,0,3,0,0,0,0,0,0,0,0,0,0,0,-1.0931539275562023
0,0,0,4,0,0,3,0,0,0,0,3,0,0,2,0,1.2838964945237556
0,1,0,4,0,0,0,0,0,0,0,0,0,0,0,0,-1.0162940957880409
1,1,0,2,0,0,0,0,3,0,0,4,0,4,0,0,0.1269959017633862
0,0,0,0,0,0,0,1,0,0,4,0,0,0,2,0,-0.44785159000266683
0,0,3,0,0,0,0,0,3,1,1,0,0,0,0,0,-0.7881164702263052
0,0,0,4,2,4,2,3,3,0,0,0,0,0,0,0,-3.4854161913402755
0,0,0,0,0,0,0,0,0,0,0,0,0,0,1,4,-0.18844965778511594
0,0,0,0,1,3,0,0,0,0,0,0,0,0,0,4,-0.1892502810327048
4,0,1,0,0,0,0,4,1,0,0,0,0,4,0,0,0.6329897942371254
0,2,0,0,0,0,0,1,0,0,0,0,0,0,0,0,-1.1371882061733798
2,0,0,0,0,0,1,2,0,0,4,0,0,1,4,0,0.04853482350005169
0,0,0,0,3,3,0,3,0,0,0,0,0,0,0,0,-0.37019113498692113
0,0,0,1,0,4,0,4,0,0,0,0,0,0,0,0,-0.37659612096760015
0,0,0,2,0,0,0,4,0,0,0,0,0,2,0,0,-0.7432815683615432
0,3,0,1,4,0,0,0,0,1,0,0,3,0,2,0,0.2879211745279768
0,0,0,3,0,0,0,2,0,3,0,0,0,0,0,0,-0.43504161804130886
0,2,0,4,0,3,2,0,0,0,0,0,0,0,2,0,0.7947156902493003
0,0,0,0,4,1,0,0,3,2,0,0,0,0,4,0,0.17583391986606967
0,0,0,1,0,0,0,0,3,0,0,0,0,0,0,0,-1.0074872400646044
0,2,0,0,0,4,0,0,0,0,0,0,3,0,0,0,-0.5447270029604585
0,0,0,0,0,0,0,0,0,0,2,0,0,4,0,0,-0.9458392500005585
2,0,4,3,4,0,0,0,0,0,0,1,0,0,1,0,0.620179822275763
0,0,0,0,0,0,3,0,2,0,0,0,0,0,0,0,-0.7424809451139589
1,0,0,4,0,0,0,0,0,4,0,1,0,0,0,3,0.2711080863286882
0,1,0,0,0,0,0,3,0,0,0,0,4,0,0,0,-0.7096553919629751
4,1,0,0,0,0,0,0,0,0,0,0,0,0,0,0,-0.1908515275278734
0,3,4,0,0,0,1,0,3,0,0,0,2,0,0,0,-0.22367708067885714
0,0,0,0,0,0,3,0,0,3,0,0,0,3,0,0,-0.44945283649783996
0,1,0,0,3,0,0,2,0,0,2,2,0,2,0,0,-0.11158982601695458
0,0,0,0,0,0,4,3,0,0,0,0,0,0,0,0,-0.5407238867225325
4,0,0,0,0,2,1,4,0,3,0,0,0,3,0,0,1.0445101434958306
0,4,0,0,3,0,1,0,0,0,0,1,0,0,0,0,-0.5335182774942646
0,3,0,0,3,0,0,0,0,0,0,1,0,0,0,4,0.30953800221277117
0,0,0,4,0,0,0,4,0,2,0,4,0,0,0,0,0.26550372359559354
3,0,0,0,0,0,0,0,0,4,4,3,3,2,0,0,-2.680789827517318
4,0,0,2,0,0,0,0,1,0,0,0,3,4,1,0,0.38559721073334824
0,0,0,0,3,2,0,0,0,0,0,0,3,0,0,3,0.18624202208467927
2,4,4,2,0,0,0,0,0,0,0,0,0,3,0,0,2.1229496579928697
0,0,0,0,0,0,1,0,0,0,0,4,0,1,3,0,-0.7392784521236171
1,0,0,0,0,0,0,1,1,0,0,0,0,0,0,4,-0.2589045035725983
2,0,0,0,0,2,3,0,3,0,0,0,0,0,2,4,2.1693858063528
0,3,2,3,2,0,0,0,0,0,0,0,3,3,0,0,0.6762234496067142
0,0,0,3,0,0,1,0,0,0,0,0,1,0,1,0,-1.1419919456588903
0,0,0,1,0,0,0,0,0,0,0,0,0,0,0,3,-0.6127799790051834
0,0,0,2,0,0,0,0,0,0,0,0,0,0,3,0,-0.8978018551454549
2,0,0,0,0,0,0,0,0,3,0,0,0,0,0,2,-0.00750880383089959
0,0,0,0,1,3,0,0,0,0,1,0,0,0,0,0,-1.0042847470742626
0,1,0,3,0,1,0,0,4,0,0,0,0,0,1,3,0.06774978144209318
1,0,0,1,0,4,0,3,0,2,2,0,0,0,0,0,0.6842296820825664
0,0,0,0,2,0,0,0,3,3,1,0,3,2,0,0,0.19825137079845292
0,0,0,1,1,0,2,0,0,0,0,4,0,0,0,3,0.2871205512803925
0,2,3,1,0,0,0,0,0,0,3,0,0,0,0,0,-0.7112566384581438
0,0,4,0,0,0,0,0,0,0,0,0,0,0,0,0,-1.2716929117676656
0,0,0,1,0,0,0,2,1,0,0,0,0,4,0,2,0.05814230247107243
1,0,0,0,0,0,0,0,1,0,0,0,0,0,0,0,-1.0931539275562023
0,4,0,0,0,0,0,2,0,0,0,0,0,0,0,0,-0.6664217365933819
0,3,0,1,3,0,3,1,1,0,0,0,0,0,0,0,0.1990519940460372
0,0,0,3,0,0,4,0,0,4,0,0,0,0,2,0,0.08936660912688757
0,4,0,0,0,1,0,2,0,0,0,0,4,2,0,1,0.2542949981294042
0,0,0,0,0,0,0,0,0,2,1,0,0,0,0,0,-0.8617738090041293
0,0,0,0,0,0,0,3,3,0,0,3,0,0,0,0,0.17343205012331675
4,0,0,2,0,0,0,2,0,3,0,0,0,0,4,2,2.059700421433651
0,0,0,0,0,1,0,0,0,0,0,2,0,4,0,0,-0.6928423037636866
2,0,0,0,3,0,0,0,0,0,0,0,0,0,4,0,-0.024321892030188162
0,1,4,0,0,2,0,0,0,0,2,0,2,0,0,0,-0.5431257564652854
0,0,2,0,0,0,0,0,0,0,0,0,0,0,0,0,-1.3261352926034484
0,0,0,0,0,1,0,0,0,0,0,0,0,0,0,2,-0.809733297911104
0,0,2,0,0,1,0,0,0,0,0,4,1,0,1,0,-0.7656990192939265
3,0,3,0,0,0,0,4,4,0,0,0,0,0,0,0,1.5224822223040964
0,0,0,0,0,0,0,3,0,0,0,0,0,0,4,3,0.4800707539483825
0,0,0,0,0,0,3,4,4,3,0,3,0,0,2,0,1.6705975231073245
0,0,0,1,4,0,0,0,0,0,0,0,0,4,0,0,-0.8009264421876676
0,0,0,0,0,0,0,0,0,3,3,0,0,2,0,3,1.3727656750056951
1,0,0,0,3,0,0,1,0,1,0,2,0,0,0,0,-0.4974902313529391
2,0,0,1,0,0,0,0,2,4,0,0,0,4,0,1,0.3511704110871913
0,0,0,0,3,0,0,0,0,3,0,0,0,2,4,0,-0.2140696017078364
0,3,0,0,0,0,0,1,2,0,0,0,2,0,0,0,-0.2460945316112404
1,0,0,0,0,2,0,1,1,0,0,0,0,0,0,0,-0.7536896705801482
0,0,0,4,0,4,0,0,2,0,0,0,0,0,0,0,-0.18124404855685267
4,2,1,0,0,0,0,0,0,0,0,0,0,0,0,0,0.5921580086102896
0,0,2,3,0,0,0,0,0,1,0,0,0,0,0,0,-1.1019607832796388
0,0,2,0,0,0,0,0,2,0,0,0,0,0,0,0,-1.0323065607397406
0,0,0,3,2,0,0,4,0,0,0,0,0,0,0,4,0.6449991429508991
0,0,0,0,0,0,0,0,3,0,0,0,1,4,0,0,-0.7552909170753214
0,0,0,0,0,3,4,3,0,0,1,0,0,2,0,0,0.5929586318578739
0,0,4,0,0,1,0,0,1,0,0,4,0,0,4,3,1.2142422719838575
0,0,0,1,0,0,0,2,0,4,2,0,0,0,0,0,0.47846950745321387
0,0,1,0,0,0,2,1,0,0,0,2,0,0,2,4,1.0156877065827683
3,3,0,4,0,0,0,0,4,0,2,0,4,0,0,0,1.5128747433330756
0,0,0,0,2,3,0,0,0,0,0,0,0,0,0,4,0.022114256329746933
1,0,0,1,0,0,1,0,4,0,0,2,0,0,0,0,-0.23728767588780394
0,1,0,1,2,0,0,3,0,0,0,0,0,3,1,0,-0.4158266600992674
0,1,0,0,0,4,0,0,0,0,0,0,0,0,3,0,-0.8929981156599445
0,1,0,0,3,1,0,3,2,0,0,0,3,0,0,0,0.6594103614074303
1,0,0,0,0,0,4,0,0,0,0,1,3,0,2,2,0.8795817544933139
3,0,0,0,2,2,0,0,0,0,2,0,0,0,4,1,0.5601330787068857
3,3,4,0,0,0,0,0,0,0,0,0,0,0,0,3,1.1654042538811695
0,0,0,0,0,4,0,2,0,4,2,0,0,0,0,0,0.6634134776453563
1,0,0,0,0,0,0,0,0,0,0,0,0,0,0,0,-1.2901072464621228
0,2,3,0,3,0,0,0,3,1,0,0,0,0,0,2,0.06534791169933571
2,0,0,0,3,3,0,0,0,0,0,0,0,2,0,0,0.036525474786278045
0,0,0,0,0,0,0,1,0,0,1,2,0,2,0,4,1.0373045342675673
0,0,0,4,0,2,0,0,0,3,4,0,0,2,0,2,1.3311332661312705
0,0,0,4,0,0,0,1,0,1,4,0,0,4,0,1,0.6225816920185204
1,0,0,1,0,0,0,0,0,4,0,0,0,3,1,0,-0.9698579474281104
0,0,0,0,0,0,1,0,2,0,0,3,0,2,0,0,-0.576751932863858
0,3,0,0,1,0,3,0,3,0,3,0,0,0,0,4,0.842753085104404
0,0,0,0,1,0,0,0,0,2,2,2,0,0,0,0,-0.16843407659549017
0,0,1,0,0,0,0,0,2,0,2,2,0,3,0,0,-0.27892008476222413
1,4,3,4,0,0,0,0,0,0,0,0,0,0,0,0,1.1854198350707952
0,0,0,0,0,0,2,3,0,4,0,0,0,1,0,0,-0.28852756373324484
0,0,0,0,0,0,0,0,0,0,2,0,4,0,4,0,-0.07396053338045591
0,0,0,0,0,0,0,0,0,0,0,3,0,0,0,2,-0.20125962974647846
0,0,4,0,4,0,3,0,0,0,0,0,4,0,0,0,0.1462108597054277
0,0,0,1,1,0,0,0,0,0,0,0,0,4,0,0,-0.994677268103242
0,0,3,0,0,3,0,0,0,0,4,0,0,0,0,1,-0.6303936904520563
0,0,2,0,0,4,4,0,0,0,0,0,0,1,0,3,0.6874321750729081
0,2,0,0,4,0,4,0,0,0,4,3,2,0,0,0,1.0525163759716827
0,0,0,0,0,0,2,0,0,0,2,0,2,3,0,0,-0.3101443914180438
0,4,1,0,0,0,1,0,0,0,1,0,0,0,3,3,-0.2060633692319888
0,0,3,0,0,0,2,0,0,4,0,0,0,0,3,0,-0.21567084820300955
0,0,0,0,2,0,0,4,0,0,0,0,0,0,0,0,-0.6800323318023287
0,0,0,1,0,0,4,0,0,3,4,4,0,0,2,0,1.0517157527240937
0,0,0,0,0,0,0,0,0,0,3,0,1,0,0,4,0.4104165314084844
0,0,0,3,0,0,0,0,4,3,0,0,2,1,0,0,-0.1956552670133838
0,0,0,0,0,0,0,0,4,0,3,0,0,0,0,0,-0.5775525561114423
0,0,1,0,0,0,0,1,0,0,0,0,0,0,0,0,-1.3797770501916422
0,0,3,0,0,0,0,0,0,0,0,0,2,3,0,0,-0.8641756787468822
1,0,1,0,2,0,1,2,3,0,0,0,0,0,0,0,0.41682151738916795
0,0,0,0,0,1,4,0,0,0,4,0,0,1,3,0,0.03092111205317882
3,0,0,0,0,0,0,0,0,4,0,0,0,0,0,0,-0.3077425216752863
0,0,0,3,0,0,0,4,0,3,0,2,0,0,0,1,0.4064134151705629
0,0,4,2,0,0,4,0,3,0,0,2,0,0,1,0,0.005301168130458363
0,3,0,0,0,0,3,0,0,2,1,0,0,0,4,2,0.6546066219219199
1,4,0,4,0,0,2,0,0,2,0,0,3,0,0,0,0.8747780150078035
4,2,0,0,4,0,0,0,0,0,4,0,3,0,3,0,1.5216815990565076
0,0,0,0,0,0,0,0,0,1,4,0,0,0,0,0,-0.6736273458216451
2,0,1,0,0,1,0,0,2,0,0,0,0,0,1,0,-0.42223164607994634
2,2,4,0,0,0,0,0,0,4,0,1,0,0,4,0,0.6682172171308667
0,0,0,2,1,0,0,0,4,4,4,0,2,0,0,0,-0.8817893901937551
0,2,0,0,1,0,0,0,0,0,4,0,2,2,0,3,0.6746222031115456
0,0,0,1,3,0,4,1,3,0,0,0,0,0,0,3,0.8299431131430416
0,0,0,0,0,3,0,0,4,0,0,2,0,2,0,0,-0.17403843932858484
0,0,0,0,0,2,0,0,0,3,0,0,0,2,2,2,0.6129742130474997
0,4,4,2,0,0,2,0,4,1,0,0,0,0,0,0,0.2879211745279768
0,0,3,0,0,0,0,0,0,3,0,0,3,0,0,2,0.3103386254603555
0,0,0,0,0,0,0,0,0,4,1,4,2,4,0,0,0.3791922247526693
3,0,1,0,4,0,0,1,1,0,0,0,0,1,0,0,0.08936660912688757
4,0,4,4,0,0,1,0,0,2,0,0,0,0,1,0,1.8891676696980395
4,1,0,0,0,2,0,0,0,4,0,0,3,0,0,2,1.2686846528196403
0,3,0,0,0,1,0,2,0,0,0,0,2,0,0,1,-0.3309605958552539
0,0,2,0,0,0,0,4,3,0,0,0,4,0,1,1,0.783506964783111
0,4,0,1,0,0,0,2,0,2,0,0,4,0,0,4,1.291902726999603
0,0,0,0,0,0,2,0,0,0,0,1,0,2,0,1,-0.6071756162720888
0,1,0,0,4,0,3,1,0,1,0,0,0,0,0,4,0.5913573853627008
0,3,1,0,0,4,0,0,0,2,0,0,0,0,1,0,-0.5391226402273593
1,0,0,0,2,0,1,0,0,2,0,0,0,1,0,2,-0.13080478395899606
0,0,0,1,0,0,1,4,0,0,0,0,0,2,4,0,-0.4958889848577705
1,0,0,0,2,0,0,0,1,0,0,1,0,0,0,4,0.10617969732617613
2,0,0,2,0,0,0,4,0,0,0,0,0,4,0,0,0.09256910211722932
0,0,0,0,0,0,0,4,0,0,1,0,1,0,1,0,-0.5959668908058995
0,0,4,0,0,0,0,0,4,0,0,0,0,0,0,0,-0.7721040052746054
0,0,0,0,4,0,0,0,0,3,0,0,0,0,0,0,-0.7200634941815802
0,4,0,3,0,2,0,0,0,1,3,0,3,0,0,0,0.44324208455947267
0,0,0,0,0,2,3,0,0,3,2,0,0,0,0,0,0.8035225459727368
0,2,0,0,0,0,0,0,0,1,0,1,0,0,0,4,0.07655663716552961
0,0,0,1,0,0,0,0,0,4,0,0,3,3,1,4,1.2430647088969198
2,3,0,0,0,0,0,0,0,0,0,0,0,4,0,4,1.496061655133787
0,0,0,0,0,0,0,0,0,0,0,1,4,0,3,0,-0.20766461572715741
0,1,0,2,4,0,0,2,0,0,4,1,0,0,0,0,0.22867505420668374
0,0,0,0,0,0,2,0,0,2,0,0,1,1,0,0,-0.7032504059822916
3,0,0,0,1,0,3,2,0,0,0,2,1,0,0,0,0.34876854134443847
0,0,0,0,2,0,0,0,0,0,0,0,2,3,0,2,0.2887217977755611
1,0,4,1,0,0,0,0,0,0,0,4,2,0,0,0,0.022914879577331237
0,0,4,0,0,0,4,0,0,4,3,0,0,3,4,0,1.53449157101787
2,0,0,0,0,2,0,0,0,0,0,0,0,0,3,4,1.0268964320489622
4,0,0,2,1,0,0,4,0,0,0,4,0,1,0,0,1.1261737147495023
0,3,3,0,0,4,0,2,3,0,0,1,0,0,0,0,0.7578870208603905
0,0,0,0,0,0,0,0,0,2,0,4,0,2,0,4,1.540896556998549
0,0,0,0,4,0,0,3,0,0,2,2,0,0,0,0,-0.09877985405559207
0,0,0,0,0,1,0,2,0,0,2,0,1,0,4,4,1.492058538895861
0,4,0,0,0,0,0,0,0,0,0,0,0,0,0,0,-1.06433149064314
0,0,0,0,0,4,0,0,0,0,0,0,0,2,0,1,-0.7456834381043007
4,0,0,3,0,3,0,0,0,0,0,0,0,0,0,2,0.9884665161648792
0,0,0,0,4,0,0,0,0,1,0,0,0,0,0,4,0.13019839475372344
2,0,2,0,0,1,0,0,0,0,0,3,1,0,0,4,1.4608342322400458
0,0,0,1,2,0,0,4,0,0,1,0,0,4,2,0,0.2342794169397784
0,0,0,0,0,0,0,0,1,3,0,0,0,0,4,2,0.4448433310546413
0,0,0,0,4,3,3,0,1,4,4,0,0,0,0,0,1.6561863046507934
0,3,0,1,3,0,0,3,0,0,3,0,1,0,0,0,0.4496470705401517
0,0,0,0,0,0,4,0,0,0,0,0,0,0,0,0,-0.9770635566563737
3,0,0,0,0,0,0,0,3,0,0,0,0,0,0,0,-0.2629076198105244
1,4,0,0,0,0,0,0,4,0,0,0,0,0,0,0,-0.3309605958552539
0,0,0,0,3,3,0,0,2,0,1,1,0,0,0,2,0.18464077558950612
0,1,0,0,0,0,0,3,0,0,4,2,2,0,4,0,0.721858974719065
0,4,0,0,1,0,0,0,0,0,4,0,0,0,0,0,-0.5607394679121582
0,0,0,0,4,0,0,0,0,0,0,0,0,0,0,0,-1.0050853703218516
0,0,0,4,0,0,0,0,2,2,0,0,1,0,0,0,-0.3661880187489951
2,0,2,3,0,3,0,0,2,0,4,0,0,0,0,0,1.1205693520164075
0,4,0,0,0,1,3,0,1,0,0,0,3,0,2,0,0.36878412253406423
0,0,3,4,1,3,0,0,0,0,0,0,0,0,0,0,0.24148502616804624
0,0,0,0,0,0,0,0,1,0,0,0,0,0,0,4,-0.3165493773987228
0,2,1,3,3,0,0,0,0,4,0,3,0,0,0,0,0.6321891709895412
3,2,0,0,0,0,0,3,4,0,0,0,0,1,0,4,2.1613795738769483
4,0,0,1,0,0,0,0,3,0,0,0,2,4,0,1,0.8507593175802516
0,0,0,3,0,0,0,0,3,0,3,0,0,0,2,0,-0.21647147145059387
4,0,0,0,0,4,0,0,0,0,2,0,2,0,0,0,0.4192233871319208
0,0,0,2,0,1,0,0,1,0,0,3,0,0,4,4,1.5336909477702858
0,4,0,3,0,0,2,0,0,0,2,0,0,3,1,0,-0.024321892030188162
4,3,0,0,0,2,0,0,0,0,0,0,0,0,0,0,0.8683730290271245
0,0,0,0,2,3,0,1,0,0,0,0,0,0,0,0,-0.7857146004835522
0,0,0,2,0,3,0,2,2,0,0,0,1,0,2,0,0.4808713771959668
0,3,0,0,0,0,3,0,0,0,0,2,2,1,0,0,-0.08436863559906552
0,1,0,0,0,2,0,2,0,0,0,0,2,0,2,0,-0.3325618423504225
0,0,0,0,1,1,4,0,0,0,0,4,4,0,0,0,-0.9642535846950111
0,1,0,0,0,0,0,0,0,4,4,2,3,4,0,0,-2.03308562022103
0,4,0,2,0,0,4,0,0,3,4,0,4,0,0,0,1.5505040359695696
3,0,0,3,1,2,0,0,0,0,0,0,0,4,1,0,0.6650147241405249
0,0,0,0,0,0,0,3,1,0,0,0,0,0,0,0,-0.8201414001297092
4,2,3,0,0,0,3,3,0,4,0,0,0,0,0,0,1.929198832077291
0,0,0,0,2,2,3,1,0,0,0,2,0,2,0,0,0.27831369555695606
4,1,0,0,1,0,0,0,0,0,0,2,1,0,0,0,0.17183080362814815
0,0,0,0,1,0,0,4,3,0,0,0,1,0,0,0,0.09977471134549261
0,0,0,0,2,0,0,3,1,0,0,1,4,0,3,0,0.26150060735767205
0,0,0,2,3,1,0,0,0,0,0,4,0,0,2,0,0.4592545495111724
3,0,0,0,3,0,0,0,2,0,0,3,2,0,3,0,1.254273434363109
0,0,1,0,0,0,0,0,0,0,0,0,0,0,0,0,-1.507876769805249
0,0,0,0,0,0,0,0,1,3,2,0,0,2,0,0,-0.17644030907134228
0,0,0,0,0,0,0,0,2,0,0,4,0,0,0,0,-0.6183843417382782
0,4,0,0,2,2,0,4,0,1,0,4,0,0,0,0,0.5609337019544699
0,0,0,4,0,0,3,0,0,0,0,0,0,2,0,0,-0.531917030999096
1,2,0,0,0,1,0,0,0,0,0,0,0,0,1,0,-1.1187738714789228
0,0,0,0,1,0,0,0,1,0,0,0,0,0,0,0,-1.3589608457544322
4,0,4,0,0,1,0,0,0,1,0,0,1,0,0,3,0.8371487223713093
0,0,0,0,1,0,1,0,0,4,2,0,0,4,0,0,-0.04513809646739825
4,0,0,0,0,0,1,0,0,3,0,1,4,0,0,0,0.7338683234328387
0,0,0,0,4,1,0,0,0,0,0,0,0,0,0,0,-0.9642535846950111
0,3,0,0,0,0,0,0,2,1,0,0,0,4,0,0,-0.7328734661429381
4,0,0,0,0,0,0,0,0,0,1,4,0,0,0,4,1.4352142883173253
0,0,1,0,0,0,0,0,0,0,0,2,0,0,0,0,-1.155602540867837
0,0,0,0,0,0,0,0,0,0,0,4,4,2,1,0,-0.29253067997117094
4,0,0,0,0,0,0,0,0,2,0,0,0,3,0,0,-0.04273622672464079
0,0,3,0,0,0,0,1,0,0,0,0,0,0,0,0,-1.2260573866553195
0,1,0,0,3,2,4,0,2,1,0,0,0,0,0,0,0.4936813491573293
0,0,0,0,3,0,0,1,0,0,0,0,0,0,0,0,-1.0683346068810662
4,0,0,3,0,2,0,4,0,4,0,1,0,0,0,0,1.225450997450047
0,0,2,0,0,0,0,0,0,0,3,0,0,0,0,2,-0.3781973674627687
3,0,0,0,0,0,0,0,0,0,0,0,0,0,3,1,-0.3733936279772584
0,0,0,4,0,0,3,2,0,1,0,0,4,1,0,0,-0.08516925884664982
2,0,2,0,0,2,0,2,0,1,0,0,0,1,0,0,0.06294604195658281
0,1,0,2,0,0,0,4,0,0,0,0,0,0,0,0,-0.6520105181368507
0,0,0,0,4,4,0,0,0,3,0,0,3,2,0,0,-0.18524716479477873
0,0,0,0,0,0,2,0,0,0,0,0,0,0,0,0,-1.1483969316395692
0,4,1,0,0,0,0,2,3,0,0,0,0,0,2,1,0.4680614052346088
1,0,0,0,0,0,0,0,1,0,0,2,0,0,0,0,-0.8401569813193349
0,2,0,0,3,3,0,0,1,0,0,0,0,0,0,1,-0.3045400286849491
0,0,0,0,4,0,4,0,0,0,0,0,0,0,1,0,-0.3485743073021222
0,0,0,0,0,4,0,0,0,0,0,0,1,1,4,3,0.8499586943326674
0,4,0,0,2,0,0,0,0,0,0,1,1,0,0,0,-0.33496371209317993
0,0,0,2,0,0,2,4,0,0,2,0,0,2,1,0,-0.01711628280192033
2,1,0,0,0,3,0,0,0,0,4,0,0,3,2,0,0.07815788366069822
0,3,0,0,2,0,0,4,0,0,0,0,2,0,0,1,0.0613447954614142
3,0,0,0,0,0,0,0,0,0,0,3,4,0,0,0,0.6457997661984834
0,0,0,0,4,0,0,2,3,3,0,0,0,0,0,0,0.5761455436585854
3,0,0,0,3,2,0,0,0,3,1,0,0,4,0,0,0.4960832189000822
0,0,0,0,3,4,0,0,0,0,0,0,0,0,0,0,-0.5671444538928372
4,0,0,0,0,0,0,0,0,0,0,0,0,0,0,0,-0.258103880325014
0,0,0,0,0,4,0,0,0,0,0,0,0,0,3,0,-0.812135167653857
0,0,0,0,0,0,0,0,0,2,0,0,0,4,1,3,0.34716729484926984
0,0,0,3,0,0,4,0,3,0,0,1,0,0,3,0,0.2006532405412058
0,0,0,0,0,2,0,0,0,0,0,0,0,0,2,0,-1.0339078072349093
0,0,3,0,0,0,0,0,0,0,0,0,0,0,0,0,-1.3181290601275963
0,0,0,0,0,2,1,0,0,0,0,0,0,1,0,0,-0.8745837809654873
3,0,0,0,0,0,0,0,0,3,0,0,4,0,2,1,0.571341804173075
0,0,2,0,1,0,0,0,3,0,1,0,0,0,0,0,-0.7681008890366794
0,0,0,0,0,0,0,0,3,2,0,0,0,0,0,0,-0.7256678569146748
0,0,0,0,0,0,3,1,3,0,1,0,0,1,3,0,0.20305511028396328
0,0,0,0,0,0,0,0,1,0,0,0,0,2,0,0,-1.2853035069766126
0,3,0,0,0,3,0,0,0,0,0,0,0,0,3,0,-0.6952441735064441
0,3,0,0,0,2,0,1,3,0,0,2,0,0,0,2,0.900397958930524
4,0,0,0,3,0,0,0,0,3,0,0,0,0,1,0,0.4280302428553573
0,1,0,0,0,4,0,3,0,0,3,2,0,0,3,0,0.3319554531451544
3,0,0,2,0,0,0,0,0,1,0,0,4,0,0,0,0.0061017913780472164
0,0,0,0,4,0,0,0,0,0,0,3,0,0,1,0,-0.5783531793590265
0,1,0,0,0,4,2,0,3,2,0,0,0,0,1,0,0.7562857743652174
0,0,1,2,0,0,1,3,0,3,0,0,0,0,0,1,-0.41422541360409426
0,0,0,1,4,0,0,0,4,0,4,0,0,0,4,0,0.78991195076379
0,0,0,0,0,0,0,0,0,1,4,1,0,4,0,0,0.00450054488287406
0,0,0,0,0,0,0,0,4,0,0,4,0,0,4,0,0.02851924231042591
0,2,0,0,0,0,3,0,0,0,3,0,0,0,0,0,-0.5359201472370221
0,0,0,1,0,0,3,0,0,4,4,1,1,0,0,0,0.9724540512131795
0,0,0,0,0,0,4,0,1,0,4,0,2,0,0,0,-0.20125962974647846
0,0,0,0,0,0,0,4,2,2,0,4,0,0,0,0,0.8155318946865104
0,0,0,0,0,0,0,0,0,0,2,0,1,2,4,0,-0.2957331729615127
0,0,4,0,4,0,0,2,1,0,0,0,0,0,0,0,0.7202577282238919
0,4,0,0,0,0,3,4,0,4,0,1,2,0,0,0,0.9524384700235538
0,0,0,0,0,0,0,0,0,2,1,0,0,0,3,0,-0.5062970870763756
0,0,0,4,0,0,0,2,0,0,2,0,1,0,0,0,-0.5615400911597426
0,4,0,0,0,0,0,4,0,1,1,0,3,0,0,0,0.014908647101479103
4,3,0,0,0,0,0,0,0,4,0,3,1,4,0,0,1.9756349804372215
0,1,1,3,0,0,0,1,0,0,0,0,2,0,4,0,-0.3477736840545379
2,0,0,0,2,0,0,0,0,3,0,0,4,0,3,3,1.1373824402156962
1,0,2,0,0,0,0,0,0,1,3,0,1,1,0,0,-0.6079762395196731
0,3,0,0,4,0,1,1,4,0,0,0,3,0,0,0,0.5929586318578739
0,0,0,0,3,2,0,0,2,0,0,0,0,0,0,4,0.32795233690722836
0,0,0,0,0,0,0,0,0,0,0,1,3,4,0,0,-0.3445711910642007
0,0,0,0,3,0,2,0,0,0,1,0,0,0,3,0,-0.2765182150194712
0,4,0,0,2,0,0,0,0,0,0,0,1,0,0,0,-0.5367207704846064
4,0,0,1,0,2,0,0,0,0,3,0,2,0,2,0,0.8275412434002887
0,3,0,0,3,0,0,2,4,0,0,0,0,0,0,0,0.6466003894460722
0,0,0,0,0,2,0,1,0,0,0,0,1,0,0,0,-1.0323065607397406
0,0,0,0,4,1,4,0,0,0,0,0,0,2,1,0,-0.13000416071141174
0,0,0,0,0,0,0,0,0,0,0,0,0,3,4,1,-0.3341630888455911
0,0,0,0,0,0,1,0,2,3,4,0,0,2,0,0,0.1334008877440652
4,4,0,0,1,0,0,3,0,3,0,4,0,0,0,0,1.4832516831724292
0,0,0,0,0,3,0,3,3,0,2,3,0,0,0,4,1.9620243852282748
0,4,0,3,0,0,0,0,0,0,0,0,0,0,0,2,-0.302938782189776
0,0,3,3,0,1,0,0,0,0,0,0,0,0,0,0,-0.9146149433447388
0,0,0,0,0,0,0,0,0,0,2,0,3,0,0,0,-0.7440821916091275
0,3,0,0,0,0,0,0,0,4,0,1,0,1,0,4,0.6530053754267513
0,0,0,0,2,0,0,0,0,0,0,0,0,3,0,0,-1.1251788574596062
1,0,0,0,0,0,2,0,0,0,0,0,0,0,0,0,-0.7777083680077
1,4,0,0,0,4,0,0,0,4,0,0,2,0,4,0,0.6377935337226358
0,1,0,0,0,2,0,0,4,0,0,0,0,1,1,0,-0.6520105181368507
0,0,0,0,4,0,4,0,1,0,4,0,4,0,4,0,1.1902235745563057
1,0,0,0,0,0,0,0,3,0,0,3,0,0,0,2,0.09256910211722932
0,0,0,3,3,4,4,0,0,2,0,0,0,0,4,0,0.5241050325655601
1,4,0,0,0,0,0,0,0,0,0,0,0,1,0,0,-0.7064528989726334
0,0,0,0,2,0,1,0,0,0,0,0,2,0,0,1,-0.704051029229876
1,0,0,0,4,0,0,0,0,0,4,3,4,0,0,0,-9.497296157456276
0,4,0,0,0,2,0,1,0,0,0,0,0,0,0,0,-0.5111008265618859
0,0,3,0,0,0,0,0,3,3,0,0,3,0,4,1,0.7322670769376701
0,0,0,0,3,0,3,0,0,2,0,0,0,0,4,2,0.821936880667194
0,1,0,3,4,0,0,0,0,2,0,0,2,0,0,0,0.35437290407753314
0,4,2,4,1,0,0,0,0,0,0,0,0,0,0,0,0.47846950745321387
0,0,3,0,0,0,0,2,0,0,0,0,0,0,0,0,-1.0050853703218516
0,0,0,0,2,0,0,1,1,0,0,0,0,0,0,0,-1.0683346068810662
0,0,0,0,0,0,3,0,0,0,0,0,0,0,4,0,-0.5991693837962366
0,0,0,0,0,4,4,0,0,2,4,0,0,0,3,0,1.6433763326894353
1,0,4,0,0,0,4,4,0,0,0,0,0,2,2,0,0.44324208455947267
0,0,0,4,0,0,0,2,4,0,0,0,1,0,3,0,0.7018433935294393
0,0,2,4,0,0,0,0,0,0,0,0,0,0,0,0,-0.9642535846950111
2,3,0,2,0,0,0,0,0,0,2,0,1,0,0,2,0.6257841850088577
0,0,1,4,0,1,2,0,2,0,0,0,0,3,0,0,0.06454728845175141
0,0,0,4,3,0,0,0,0,0,0,0,0,0,0,0,-0.5719481933783476
1,0,0,3,1,0,0,2,0,0,0,1,2,0,0,0,0.08055975340345113
4,0,0,3,0,4,0,1,2,2,0,0,0,0,0,0,1.1622017608908324
0,0,3,4,0,0,0,0,3,0,0,1,0,3,2,0,0.0004974286449479926
1,0,0,4,0,1,0,0,4,3,0,0,0,0,0,0,0.09176847886964502
0,1,0,0,3,2,0,3,0,0,0,0,0,2,0,0,-0.3741942512248427
0,0,0,0,0,0,0,0,2,0,0,0,0,0,0,2,-0.5839575420921213
0,1,1,0,0,1,4,0,3,0,0,1,0,0,0,0,-0.08436863559906552
0,0,3,0,0,0,0,0,2,1,3,0,1,0,3,0,-0.0011038178502206137
3,0,4,0,0,0,0,4,0,0,3,2,0,0,0,4,1.7018218297631396
0,0,0,0,4,0,0,2,2,0,1,0,4,0,2,0,0.9940708788979739
0,0,0,0,0,0,0,1,1,1,0,0,0,0,0,2,-0.35097617704487966
0,0,0,0,0,0,0,0,0,0,0,0,0,0,4,4,0.7322670769376701
0,0,0,0,0,0,0,0,3,0,0,0,2,0,0,0,-0.8745837809654873
0,0,0,1,0,0,0,0,0,1,0,3,0,0,0,3,0.25829811436733024
0,0,0,0,4,0,0,0,0,1,0,0,1,4,3,0,-0.36298552575865334
0,0,0,0,0,0,0,0,0,0,0,4,0,0,4,0,-0.4950883616101862
3,1,2,0,0,0,0,0,3,0,0,0,0,3,0,2,0.5209025395752184
2,0,1,0,0,0,0,3,0,0,0,0,0,3,0,0,-0.37179238148208976
0,0,0,0,0,4,1,3,2,0,1,0,2,0,0,0,0.9972733718883157
0,0,0,0,0,0,2,0,0,0,0,0,0,0,1,0,-1.084347071832766
0,0,0,4,0,0,2,3,0,0,3,2,0,4,0,0,0.2639024771004249
0,2,0,0,0,0,0,0,3,0,0,0,0,4,0,0,-0.6351974299375667
0,4,1,0,0,4,0,0,0,0,0,1,0,0,0,4,0.44724520079739877
0,0,0,0,0,2,0,0,1,1,0,0,0,0,0,0,-1.04351528620593
0,0,0,0,3,0,0,0,0,0,3,0,0,0,0,1,-0.5191070590377336
0,0,0,0,1,0,3,0,4,0,0,0,2,0,0,0,-0.40541855788066233
4,0,0,0,0,0,0,2,0,0,0,0,0,0,0,3,0.641796649960562
0,0,0,2,0,0,0,0,0,0,0,2,0,2,4,0,-0.24849640135399328
0,0,0,2,0,0,3,2,1,0,0,4,0,2,0,0,0.1694289338853907
0,1,0,1,2,0,0,0,0,0,0,0,0,0,3,2,0.03572485153868919
0,1,0,0,0,0,2,1,0,0,0,2,0,0,2,0,-0.4486522132502511
4,1,0,0,1,0,0,0,3,0,0,0,0,0,3,3,1.6265632444901468
0,0,0,0,0,1,0,3,4,0,2,0,0,1,0,1,0.8483574478374988
4,0,0,0,4,4,0,0,3,3,0,0,0,0,1,0,1.3751675447484482
2,0,0,0,0,2,0,0,0,0,0,0,0,0,0,0,-0.4246335158227038
4,0,0,0,0,4,3,4,0,2,0,0,0,0,0,0,1.7810835312740585
1,0,0,4,0,0,0,0,3,3,0,2,0,0,4,0,0.5761455436585854
2,2,4,0,0,0,0,0,0,0,0,0,4,0,4,4,3.177370475062353
0,0,1,4,0,0,3,2,0,0,0,0,0,0,0,1,-0.47587340366814473
0,0,0,0,0,3,0,0,0,0,0,0,0,0,0,0,-1.1459950618968164
3,4,0,4,0,0,0,0,1,0,0,0,0,4,0,0,1.7586660803416798
1,0,0,4,1,0,2,0,0,0,0,3,0,0,0,1,0.7314664536900812
0,0,0,0,0,0,0,3,0,0,0,0,0,0,3,0,-0.8065308049207623
0,4,0,2,0,0,4,0,1,4,0,0,0,2,0,0,0.5969617480957999
0,0,0,0,0,2,0,0,0,0,0,2,0,0,0,0,-0.9642535846950111
0,0,1,0,0,0,0,0,0,0,0,2,0,2,0,0,-0.971459193923279
0,0,0,0,1,0,4,1,1,0,0,2,0,0,2,0,-0.32775810286491214
0,0,0,0,0,0,1,0,0,0,0,0,0,0,0,0,-1.4862599421204548
0,0,0,2,0,0,0,1,4,0,0,0,0,0,0,3,0.16062207816195426
3,4,0,0,2,0,0,1,0,1,0,0,0,0,0,0,0.5721424274206638
0,0,0,1,0,3,0,2,0,0,4,0,3,0,0,0,0.07575601391794076
0,0,0,0,4,2,0,0,0,0,4,0,0,0,0,0,-0.345371814311785
0,0,0,0,0,0,0,1,0,0,0,0,0,0,0,2,-0.5463282494556271
0,3,0,0,1,0,0,0,0,4,0,2,0,0,0,1,-0.15082036514862185
0,0,0,2,0,0,0,0,0,0,4,1,0,4,0,0,-0.7600946565608317
0,3,0,0,0,4,0,1,1,0,4,0,0,0,4,0,0.6938371610535872
2,2,0,0,4,0,3,0,0,0,0,0,1,0,1,0,0.8843854939788243
0,0,0,0,0,0,2,4,0,0,2,0,2,0,0,0,-0.10758670977902851
0,0,1,0,0,0,0,4,0,0,0,0,3,2,0,0,-0.6199855882334513
2,0,0,0,0,3,0,0,4,0,0,0,0,0,0,0,0.21266258925498402
0,0,0,1,2,4,1,0,0,0,0,3,0,0,0,3,0.5929586318578739
0,0,4,4,0,0,0,0,4,0,0,0,0,3,0,0,-0.21727209469817815
0,0,0,4,0,0,0,0,0,0,1,4,0,0,1,0,-0.5719481933783476
0,0,0,3,0,0,0,3,0,4,4,0,0,0,0,0,1.0180895763255258
1,2,2,0,0,0,0,3,0,0,4,0,0,0,0,0,-0.09157424482732879
2,0,1,1,0,0,0,0,0,0,1,0,1,3,0,0,-0.759294033313243
0,2,0,2,0,0,0,4,0,0,0,0,0,2,0,0,-0.4974902313529391
0,0,0,0,0,0,0,0,0,0,3,3,1,2,0,0,-0.18684841128994734
0,4,1,0,4,0,0,3,1,0,0,0,0,0,0,0,0.3535722808299488
0,0,2,0,2,0,0,0,0,0,0,0,0,0,0,0,-0.8625744322517136
1,0,0,3,1,1,0,1,0,4,0,0,0,0,0,0,-0.09157424482732879
0,0,0,0,1,1,2,0,0,0,3,0,0,0,0,0,-0.47747465016331336
0,0,3,0,3,0,0,0,0,0,0,0,0,2,0,2,-0.07796364961838198
4,0,0,0,0,0,0,4,0,0,0,2,0,0,3,2,1.3519494705684805
0,0,0,4,0,3,0,0,0,0,1,0,2,0,3,4,1.1341799472253544
0,0,0,1,3,4,0,0,2,0,4,0,0,1,0,0,0.16142270140954312
2,0,0,3,0,0,0,0,0,4,0,1,2,1,0,0,0.26950683983351964
4,4,0,0,0,0,0,0,4,0,3,0,0,0,2,0,1.4784479436869187
0,0,0,0,0,0,2,0,0,0,0,0,0,0,3,0,-0.8929981156599445
0,1,0,0,0,1,0,4,0,0,0,0,0,0,0,0,-0.8081320514159309
0,0,0,0,0,0,0,0,0,0,0,0,0,4,4,0,-0.7809108609980419
0,4,2,0,0,0,0,0,2,1,3,0,0,2,0,0,-0.0219200222874307
3,0,0,0,0,0,0,0,0,1,0,2,4,0,0,0,0.6538059986743355
0,0,0,0,0,0,1,3,0,0,2,1,4,0,0,0,-0.09477673781767056
0,0,0,0,0,4,0,0,4,0,3,0,0,2,0,0,-0.07396053338045591
0,0,3,0,0,0,0,1,4,0,1,0,0,0,0,0,-0.21567084820300955
1,0,0,0,0,2,0,0,2,0,2,0,0,1,0,4,0.5569305857165484
0,0,0,0,3,4,0,0,0,3,0,2,0,0,1,0,0.00690241462563152
2,2,0,0,0,0,0,0,0,0,0,0,0,0,0,0,-0.30133753569460736
3,0,0,0,1,1,0,2,0,2,0,1,0,0,0,0,0.051737316490393453
0,0,0,0,4,0,0,0,2,0,0,0,2,0,0,0,-0.44304785051715645
0,2,0,0,1,0,0,0,0,0,0,0,3,2,0,3,0.1902451383226008
0,0,3,3,0,0,1,3,0,0,0,3,2,0,0,0,0.026917995815257303
3,0,0,2,4,0,0,1,2,0,0,0,0,0,0,0,1.1261737147495023
0,0,1,0,0,0,0,0,0,4,4,0,0,0,0,0,0.00209867514012115
0,1,4,0,0,1,0,0,0,4,0,2,0,0,0,0,-0.32295436337940175
4,4,2,0,0,0,0,2,1,0,0,1,0,0,0,0,-1.0170947190356252
0,0,0,0,0,0,0,1,0,1,4,0,0,2,2,0,0.2598993608624989
4,0,0,0,0,0,2,0,0,1,0,4,0,0,0,0,0.31354111845069726
0,0,0,0,0,0,0,0,1,0,0,0,0,4,0,0,-1.1499981781347424
0,0,0,4,0,2,0,0,1,0,0,3,0,0,0,0,-0.24929702460158215
3,2,0,1,0,0,3,0,0,0,0,0,3,0,0,0,0.946834107290459
0,1,0,0,0,2,0,0,0,4,0,0,0,0,0,0,-0.6472067786513404
2,0,0,0,0,0,0,3,0,0,0,0,0,0,0,0,-0.4062191811282467
0,0,0,1,0,2,0,0,0,0,0,0,0,3,0,0,-1.0162940957880409
2,0,0,2,0,0,0,0,0,0,0,0,0,0,2,0,-0.2941319264663395
0,1,0,1,2,0,1,0,0,0,0,0,0,4,0,1,-0.4974902313529391
0,0,0,0,0,0,0,2,0,0,0,0,0,4,0,3,0.17183080362814815
0,0,1,0,2,0,0,0,0,3,0,0,0,0,1,0,-0.8513657067855243
0,0,1,2,0,0,0,2,2,3,0,0,0,0,3,0,0.5120956838517865
0,0,0,0,0,3,2,0,0,0,4,0,0,0,0,0,-0.0587486916763405
0,2,0,2,0,2,0,0,0,0,0,0,0,0,0,0,-0.49028462212467583
1,0,0,0,0,0,0,0,1,2,0,0,3,1,3,0,-0.3325618423504225
0,0,0,0,1,0,0,1,0,1,0,3,0,1,2,0,-0.40782042762341525
0,0,0,4,0,0,0,0,0,0,0,4,0,0,0,0,-0.5519326121887218
0,1,4,4,0,0,0,0,2,1,0,1,0,0,0,0,-0.5479294959507958
4,0,0,0,0,0,0,0,0,0,0,0,3,0,0,4,1.131778077482597
0,0,0,1,0,0,0,0,0,2,0,0,0,0,0,0,-1.172415629067121
0,0,3,1,3,1,0,0,0,1,4,0,0,0,0,0,0.10537907407858728
0,0,0,0,0,4,3,2,0,0,2,0,0,3,0,0,0.7090490027577026
1,0,0,4,2,0,0,0,0,0,0,0,0,0,0,0,-13.622107129014358
0,0,0,0,3,0,3,0,0,2,0,4,0,3,2,0,0.7402733094135177
0,2,0,0,0,0,3,2,0,0,0,1,0,0,0,0,-0.4974902313529391
1,0,1,4,0,4,0,0,3,0,0,0,0,0,0,0,0.0973728416027397
2,0,1,0,0,0,0,2,0,0,0,0,1,3,0,1,-0.1604278441196426
0,0,0,0,0,0,0,0,1,1,0,0,0,0,0,0,-1.3557583527640948
1,0,4,0,0,1,0,0,0,0,0,0,4,3,3,0,-0.051543082448077225
0,0,0,0,0,0,0,0,0,0,0,0,3,0,2,0,-0.8281476326055567
0,0,0,0,0,0,0,0,3,3,0,0,0,0,0,0,-0.625589950966546
0,0,1,2,0,1,4,0,4,3,0,0,0,0,0,0,0.5961611248482112
0,0,2,3,0,0,0,0,0,0,0,0,0,0,0,0,-1.0347084304824936
0,0,0,0,0,0,0,1,3,0,4,0,0,0,0,0,-0.22047458768851994
0,1,0,0,0,0,2,2,0,0,0,0,0,0,0,0,-0.7472846845994693
0,0,0,0,0,4,0,0,4,0,0,2,0,3,3,0,0.3735878620195746
1,3,0,0,0,0,3,0,2,0,2,4,0,0,0,0,0.509693814109029
0,0,0,0,4,0,0,0,0,0,0,2,0,0,3,0,-0.345371814311785
0,0,0,0,0,0,0,3,0,2,0,0,0,2,0,0,-0.6047737465293359
0,0,0,2,3,0,2,0,0,0,0,1,2,0,0,0,0.3743884852671589
0,0,0,0,0,0,0,1,0,0,0,1,2,1,3,0,-0.16523158360515294
0,0,3,1,0,0,1,2,4,0,0,0,1,0,0,0,0.18944451507501647
3,0,0,0,0,0,0,3,0,0,0,0,0,0,0,0,-0.3846023534434523
0,0,0,3,0,3,1,3,0,0,0,3,0,2,0,0,0.25589624462457283
0,0,0,2,0,0,0,0,0,0,0,0,0,3,0,0,-1.1812224847905575
0,0,0,0,0,0,0,0,0,0,0,3,4,2,0,2,-2.679989204269734
0,0,1,0,0,0,0,0,4,0,2,0,0,0,0,0,-0.6456055321561718
0,4,0,4,0,0,0,0,0,2,0,0,0,0,0,0,-0.30614127518011774
0,1,0,0,0,0,0,0,4,0,3,0,1,0,2,0,-0.09557736106525486
0,0,0,0,0,0,0,2,0,0,3,1,0,0,0,3,0.30633550922243397
0,0,3,0,0,4,0,0,2,0,0,1,0,0,0,0,-0.5199076822853224
0,0,0,0,0,2,0,0,0,0,0,2,2,0,0,0,-0.3918079626717155
0,0,0,0,0,0,0,1,1,1,2,0,0,0,3,0,0.09977471134549261
0,0,0,0,0,0,4,0,0,0,0,0,0,3,0,0,-0.8257457628628038
2,1,0,0,0,0,0,0,0,0,0,3,0,3,4,0,-0.1772409323189266
2,2,0,0,3,4,0,0,0,0,3,0,1,0,0,0,0.9140085541394708
0,2,0,0,2,0,0,0,0,0,0,0,0,4,4,0,-0.3077425216752863
0,2,0,2,0,0,0,3,0,0,2,0,0,4,0,3,0.685830928577735
2,0,0,0,2,1,0,0,0,4,4,0,0,0,2,0,1.0861425523702506
0,0,0,0,0,0,0,0,0,3,0,0,4,1,0,0,-0.5575369749218165
0,0,0,0,0,3,1,0,0,0,0,0,0,0,0,0,-0.7616959030560004
0,1,1,0,0,0,4,0,0,0,1,0,4,3,0,0,-0.5839575420921213
0,0,3,0,0,0,0,2,0,0,3,3,0,0,0,0,-0.4198297763371935
0,0,0,0,3,0,0,0,0,4,2,0,0,0,3,4,2.1109403092790915
0,0,0,0,0,0,1,0,0,0,0,0,0,0,0,4,-0.3077425216752863
0,0,0,0,0,0,0,4,0,0,0,0,0,0,0,0,-1.009889109807362
1,0,1,0,0,0,0,0,0,0,0,0,0,4,0,0,-1.2572816933111346
1,0,0,0,0,2,4,1,0,0,0,0,0,2,0,4,1.2518715646203515
2,4,0,0,1,0,0,0,0,0,3,0,0,0,0,0,0.32635109041205973
0,0,2,0,3,0,0,1,0,1,0,0,0,0,2,3,0.520101916327634
0,0,3,0,0,0,4,1,0,1,0,2,0,0,0,2,0.2406844029204574
0,3,0,0,1,0,0,1,0,4,0,0,0,0,0,0,-0.5783531793590265
3,0,0,0,4,2,0,4,0,0,0,0,3,0,0,2,1.2326566066783147
0,3,0,3,0,0,0,1,0,0,1,0,0,0,0,0,-0.6191849649858624
0,1,0,0,0,0,0,0,0,0,1,4,0,0,4,0,-0.7320728428953539
0,0,0,0,0,0,3,2,0,4,1,4,0,1,0,0,0.7250614677094023
0,0,0,0,1,0,0,0,0,4,3,0,0,1,4,0,0.8331456061333833
0,0,0,0,1,4,4,2,0,0,0,4,0,0,0,0,0.2855193047852193
0,2,4,0,0,0,0,0,0,0,0,0,0,0,0,0,-1.018695965530794
3,1,1,0,2,0,2,0,0,1,0,0,0,0,0,0,0.4680614052346088
0,3,0,0,0,1,0,0,4,0,1,0,0,4,0,2,0.4768682609580453
0,0,0,0,3,0,0,2,0,0,0,0,0,0,0,0,-0.6968454200016126
1,0,4,1,0,0,0,0,0,2,3,0,0,0,0,4,1.0973512778364445
0,0,0,1,0,0,0,0,0,0,0,0,0,0,4,0,-0.9114124503544017
4,0,0,0,3,0,1,0,0,4,0,2,4,0,0,0,2.056497928443309
0,0,0,0,2,0,1,0,1,0,0,0,0,3,0,0,-0.7841133539883791
1,0,0,0,0,0,0,0,0,0,3,0,0,0,0,0,-1.0795433323472554
1,0,4,0,0,0,1,4,0,0,0,0,0,1,1,0,-0.5967675140534837
0,0,0,0,0,0,0,1,1,4,0,0,3,0,0,4,0.8043231692203211
4,0,0,0,0,4,0,2,0,0,0,0,4,0,4,0,0.9812609069366114
0,0,4,3,0,1,0,0,2,3,0,0,4,0,0,0,0.17423267337090106
0,2,0,0,0,0,0,0,0,0,0,0,0,2,0,0,-1.1796212382953843
3,1,0,2,0,0,3,0,2,0,0,0,2,0,0,0,0.8411518386092309
0,3,0,0,1,2,0,1,0,0,0,3,0,0,2,0,-0.21567084820300955
